{
"meta":{"test_sets":[],"test_metrics":[],"learn_metrics":[{"best_value":"Min","name":"Logloss"}],"launch_mode":"Train","parameters":"","iteration_count":1000,"learn_sets":["learn"],"name":"experiment"},
"iterations":[
{"learn":[0.68878852],"iteration":0,"passed_time":0.1630020127,"remaining_time":162.8390107},
{"learn":[0.6849953391],"iteration":1,"passed_time":0.166131451,"remaining_time":82.89959406},
{"learn":[0.6794487847],"iteration":2,"passed_time":0.1695693458,"remaining_time":56.35354593},
{"learn":[0.6750483349],"iteration":3,"passed_time":0.1726980417,"remaining_time":43.00181237},
{"learn":[0.6697318645],"iteration":4,"passed_time":0.175769431,"remaining_time":34.97811678},
{"learn":[0.6653607609],"iteration":5,"passed_time":0.1786934519,"remaining_time":29.60354853},
{"learn":[0.6602079141],"iteration":6,"passed_time":0.1816645921,"remaining_time":25.77041999},
{"learn":[0.6544745551],"iteration":7,"passed_time":0.1847022628,"remaining_time":22.90308058},
{"learn":[0.6501614041],"iteration":8,"passed_time":0.1877423344,"remaining_time":20.67251705},
{"learn":[0.6464733394],"iteration":9,"passed_time":0.1908106555,"remaining_time":18.89025489},
{"learn":[0.6425662262],"iteration":10,"passed_time":0.1942161914,"remaining_time":17.46180121},
{"learn":[0.6384393865],"iteration":11,"passed_time":0.1969874385,"remaining_time":16.21863244},
{"learn":[0.6347949095],"iteration":12,"passed_time":0.1997575954,"remaining_time":15.16621128},
{"learn":[0.6307904484],"iteration":13,"passed_time":0.2025905811,"remaining_time":14.26816521},
{"learn":[0.6258886472],"iteration":14,"passed_time":0.2053777381,"remaining_time":13.48647147},
{"learn":[0.6228670987],"iteration":15,"passed_time":0.208449879,"remaining_time":12.81966756},
{"learn":[0.6191371725],"iteration":16,"passed_time":0.2112678106,"remaining_time":12.21625046},
{"learn":[0.6166035354],"iteration":17,"passed_time":0.2140268525,"remaining_time":11.67635384},
{"learn":[0.6130248407],"iteration":18,"passed_time":0.2173810643,"remaining_time":11.22372758},
{"learn":[0.6097541578],"iteration":19,"passed_time":0.2202521277,"remaining_time":10.79235426},
{"learn":[0.6071680551],"iteration":20,"passed_time":0.2231289731,"remaining_time":10.40206022},
{"learn":[0.6032698198],"iteration":21,"passed_time":0.22607434,"remaining_time":10.05003202},
{"learn":[0.6003898852],"iteration":22,"passed_time":0.2291437333,"remaining_time":9.733627278},
{"learn":[0.5968177872],"iteration":23,"passed_time":0.2316822294,"remaining_time":9.421743994},
{"learn":[0.5942270606],"iteration":24,"passed_time":0.2338979885,"remaining_time":9.122021551},
{"learn":[0.5904356061],"iteration":25,"passed_time":0.2363719913,"remaining_time":8.854858443},
{"learn":[0.5879679978],"iteration":26,"passed_time":0.2383208088,"remaining_time":8.588375812},
{"learn":[0.5854941012],"iteration":27,"passed_time":0.2404817646,"remaining_time":8.348152686},
{"learn":[0.5819596108],"iteration":28,"passed_time":0.2425837386,"remaining_time":8.122372765},
{"learn":[0.5786984839],"iteration":29,"passed_time":0.2446953926,"remaining_time":7.911817693},
{"learn":[0.5765812421],"iteration":30,"passed_time":0.2471843363,"remaining_time":7.726503931},
{"learn":[0.5742072828],"iteration":31,"passed_time":0.249869265,"remaining_time":7.558545266},
{"learn":[0.5723018762],"iteration":32,"passed_time":0.2521636466,"remaining_time":7.389158978},
{"learn":[0.5700444385],"iteration":33,"passed_time":0.2543701766,"remaining_time":7.227105607},
{"learn":[0.567263085],"iteration":34,"passed_time":0.2569009568,"remaining_time":7.08312638},
{"learn":[0.5645854295],"iteration":35,"passed_time":0.2593329227,"remaining_time":6.944359376},
{"learn":[0.5623133804],"iteration":36,"passed_time":0.2616964172,"remaining_time":6.811179723},
{"learn":[0.5599179663],"iteration":37,"passed_time":0.2639499043,"remaining_time":6.682100208},
{"learn":[0.5583286478],"iteration":38,"passed_time":0.2662774945,"remaining_time":6.56135057},
{"learn":[0.5564358798],"iteration":39,"passed_time":0.2689162779,"remaining_time":6.453990669},
{"learn":[0.5538923167],"iteration":40,"passed_time":0.271071542,"remaining_time":6.340429482},
{"learn":[0.55187791],"iteration":41,"passed_time":0.2731158468,"remaining_time":6.229642409},
{"learn":[0.5496443932],"iteration":42,"passed_time":0.2756816503,"remaining_time":6.135519519},
{"learn":[0.5479418205],"iteration":43,"passed_time":0.2780947062,"remaining_time":6.042239525},
{"learn":[0.5462559556],"iteration":44,"passed_time":0.2801485306,"remaining_time":5.945374372},
{"learn":[0.5447984484],"iteration":45,"passed_time":0.2825263046,"remaining_time":5.859349882},
{"learn":[0.5428354591],"iteration":46,"passed_time":0.2845982866,"remaining_time":5.770684406},
{"learn":[0.5411420109],"iteration":47,"passed_time":0.2866843777,"remaining_time":5.685906825},
{"learn":[0.5396763657],"iteration":48,"passed_time":0.2889240362,"remaining_time":5.607484866},
{"learn":[0.5373373629],"iteration":49,"passed_time":0.2916630477,"remaining_time":5.541597907},
{"learn":[0.5354470609],"iteration":50,"passed_time":0.2943316317,"remaining_time":5.476876832},
{"learn":[0.5331502279],"iteration":51,"passed_time":0.2968227398,"remaining_time":5.411306872},
{"learn":[0.5314884687],"iteration":52,"passed_time":0.2990627992,"remaining_time":5.343631525},
{"learn":[0.529607846],"iteration":53,"passed_time":0.3012378442,"remaining_time":5.277240751},
{"learn":[0.5281649503],"iteration":54,"passed_time":0.3035959374,"remaining_time":5.216330198},
{"learn":[0.526286917],"iteration":55,"passed_time":0.3056465352,"remaining_time":5.152327308},
{"learn":[0.5243395873],"iteration":56,"passed_time":0.308087149,"remaining_time":5.096950553},
{"learn":[0.5223011364],"iteration":57,"passed_time":0.3102253479,"remaining_time":5.038487547},
{"learn":[0.5200660166],"iteration":58,"passed_time":0.3123367914,"remaining_time":4.981507131},
{"learn":[0.5182528409],"iteration":59,"passed_time":0.3143854151,"remaining_time":4.925371504},
{"learn":[0.5166767775],"iteration":60,"passed_time":0.3163268373,"remaining_time":4.86935902},
{"learn":[0.5154336949],"iteration":61,"passed_time":0.3184018556,"remaining_time":4.817111944},
{"learn":[0.5141115439],"iteration":62,"passed_time":0.3207316404,"remaining_time":4.770246778},
{"learn":[0.5124497847],"iteration":63,"passed_time":0.3228205674,"remaining_time":4.721250798},
{"learn":[0.5110423695],"iteration":64,"passed_time":0.3249122801,"remaining_time":4.673738183},
{"learn":[0.5099668252],"iteration":65,"passed_time":0.3270056062,"remaining_time":4.627624791},
{"learn":[0.5086300012],"iteration":66,"passed_time":0.3291705704,"remaining_time":4.583823018},
{"learn":[0.5071356879],"iteration":67,"passed_time":0.331514815,"remaining_time":4.543703053},
{"learn":[0.5057446104],"iteration":68,"passed_time":0.3339237033,"remaining_time":4.505550257},
{"learn":[0.504497582],"iteration":69,"passed_time":0.3357956619,"remaining_time":4.461285223},
{"learn":[0.5024558636],"iteration":70,"passed_time":0.3376846056,"remaining_time":4.418436601},
{"learn":[0.5009746513],"iteration":71,"passed_time":0.3396247452,"remaining_time":4.377385604},
{"learn":[0.4994193337],"iteration":72,"passed_time":0.3416277747,"remaining_time":4.338204755},
{"learn":[0.498092898],"iteration":73,"passed_time":0.3435939881,"remaining_time":4.299568013},
{"learn":[0.4970813481],"iteration":74,"passed_time":0.3455110098,"remaining_time":4.261302454},
{"learn":[0.495635339],"iteration":75,"passed_time":0.3475858477,"remaining_time":4.225912148},
{"learn":[0.4943306971],"iteration":76,"passed_time":0.3496381891,"remaining_time":4.191117514},
{"learn":[0.493365386],"iteration":77,"passed_time":0.3515361615,"remaining_time":4.155337704},
{"learn":[0.4916450578],"iteration":78,"passed_time":0.3533448293,"remaining_time":4.119374529},
{"learn":[0.4899629843],"iteration":79,"passed_time":0.3552121985,"remaining_time":4.084940282},
{"learn":[0.4888502949],"iteration":80,"passed_time":0.3570812711,"remaining_time":4.051329483},
{"learn":[0.4874512952],"iteration":81,"passed_time":0.3589137081,"remaining_time":4.018082732},
{"learn":[0.4860796688],"iteration":82,"passed_time":0.3610624086,"remaining_time":3.989087093},
{"learn":[0.4848388672],"iteration":83,"passed_time":0.3630655183,"remaining_time":3.959143032},
{"learn":[0.4834656378],"iteration":84,"passed_time":0.3649720884,"remaining_time":3.928817187},
{"learn":[0.4823236022],"iteration":85,"passed_time":0.3668798811,"remaining_time":3.899165248},
{"learn":[0.4811240456],"iteration":86,"passed_time":0.3689768046,"remaining_time":3.872135892},
{"learn":[0.4798878063],"iteration":87,"passed_time":0.3708355159,"remaining_time":3.843204437},
{"learn":[0.478636339],"iteration":88,"passed_time":0.3727422864,"remaining_time":3.815373291},
{"learn":[0.4777161878],"iteration":89,"passed_time":0.3746770548,"remaining_time":3.788401332},
{"learn":[0.4769745181],"iteration":90,"passed_time":0.3765477208,"remaining_time":3.761339321},
{"learn":[0.476168515],"iteration":91,"passed_time":0.3784720877,"remaining_time":3.735354953},
{"learn":[0.4748048108],"iteration":92,"passed_time":0.3804041305,"remaining_time":3.709962864},
{"learn":[0.4738289881],"iteration":93,"passed_time":0.382452163,"remaining_time":3.686187869},
{"learn":[0.4729439784],"iteration":94,"passed_time":0.3845745492,"remaining_time":3.6635786},
{"learn":[0.4715505272],"iteration":95,"passed_time":0.386705493,"remaining_time":3.641476726},
{"learn":[0.4708750715],"iteration":96,"passed_time":0.3887635362,"remaining_time":3.619107971},
{"learn":[0.4697922215],"iteration":97,"passed_time":0.391090936,"remaining_time":3.599632901},
{"learn":[0.4684847745],"iteration":98,"passed_time":0.3934500314,"remaining_time":3.58079271},
{"learn":[0.4682009919],"iteration":99,"passed_time":0.395286196,"remaining_time":3.557575764},
{"learn":[0.4669239699],"iteration":100,"passed_time":0.3971765126,"remaining_time":3.535264206},
{"learn":[0.4667981389],"iteration":101,"passed_time":0.3983222504,"remaining_time":3.506797852},
{"learn":[0.4661100137],"iteration":102,"passed_time":0.4002509162,"remaining_time":3.485680309},
{"learn":[0.4647427646],"iteration":103,"passed_time":0.4021158804,"remaining_time":3.464382969},
{"learn":[0.4636528863],"iteration":104,"passed_time":0.4040513703,"remaining_time":3.444056918},
{"learn":[0.4627155342],"iteration":105,"passed_time":0.4059201824,"remaining_time":3.423515501},
{"learn":[0.4615058668],"iteration":106,"passed_time":0.4079054151,"remaining_time":3.404294726},
{"learn":[0.4604398477],"iteration":107,"passed_time":0.4099787199,"remaining_time":3.386120538},
{"learn":[0.4598210499],"iteration":108,"passed_time":0.4121875747,"remaining_time":3.369349808},
{"learn":[0.4591270986],"iteration":109,"passed_time":0.4142627132,"remaining_time":3.351761952},
{"learn":[0.4582161027],"iteration":110,"passed_time":0.4163752089,"remaining_time":3.3347528},
{"learn":[0.4574764059],"iteration":111,"passed_time":0.4184104851,"remaining_time":3.317397417},
{"learn":[0.4561845259],"iteration":112,"passed_time":0.4204605017,"remaining_time":3.300428894},
{"learn":[0.4551362625],"iteration":113,"passed_time":0.423569096,"remaining_time":3.29194929},
{"learn":[0.4541389542],"iteration":114,"passed_time":0.4261833496,"remaining_time":3.279758821},
{"learn":[0.4532327671],"iteration":115,"passed_time":0.4281360351,"remaining_time":3.262691853},
{"learn":[0.4524245753],"iteration":116,"passed_time":0.4299536514,"remaining_time":3.244863882},
{"learn":[0.4512851908],"iteration":117,"passed_time":0.4318056989,"remaining_time":3.22756463},
{"learn":[0.4504264446],"iteration":118,"passed_time":0.4336890099,"remaining_time":3.210756452},
{"learn":[0.449656816],"iteration":119,"passed_time":0.4356983224,"remaining_time":3.195121031},
{"learn":[0.4485686023],"iteration":120,"passed_time":0.4376140114,"remaining_time":3.179030711},
{"learn":[0.4476204304],"iteration":121,"passed_time":0.4395158518,"remaining_time":3.163073097},
{"learn":[0.4465541647],"iteration":122,"passed_time":0.441395827,"remaining_time":3.147188132},
{"learn":[0.4458165024],"iteration":123,"passed_time":0.443235098,"remaining_time":3.131241499},
{"learn":[0.4450264362],"iteration":124,"passed_time":0.445140125,"remaining_time":3.115980875},
{"learn":[0.4440745652],"iteration":125,"passed_time":0.4470675082,"remaining_time":3.101087319},
{"learn":[0.4434957177],"iteration":126,"passed_time":0.4490235405,"remaining_time":3.086594889},
{"learn":[0.4426320702],"iteration":127,"passed_time":0.4509716766,"remaining_time":3.072244547},
{"learn":[0.4418992168],"iteration":128,"passed_time":0.4528763027,"remaining_time":3.057792711},
{"learn":[0.4409848608],"iteration":129,"passed_time":0.4551441695,"remaining_time":3.045964827},
{"learn":[0.4402936223],"iteration":130,"passed_time":0.4570128313,"remaining_time":3.031634736},
{"learn":[0.4391591082],"iteration":131,"passed_time":0.4589174474,"remaining_time":3.017729882},
{"learn":[0.4391250148],"iteration":132,"passed_time":0.4599511036,"remaining_time":2.998327871},
{"learn":[0.4381888341],"iteration":133,"passed_time":0.461770664,"remaining_time":2.984279067},
{"learn":[0.4373344653],"iteration":134,"passed_time":0.4636932071,"remaining_time":2.97107129},
{"learn":[0.4363930442],"iteration":135,"passed_time":0.4658375186,"remaining_time":2.959438353},
{"learn":[0.4354658031],"iteration":136,"passed_time":0.4677665852,"remaining_time":2.946588051},
{"learn":[0.434718184],"iteration":137,"passed_time":0.4698446899,"remaining_time":2.934826976},
{"learn":[0.4340349602],"iteration":138,"passed_time":0.471864013,"remaining_time":2.922841117},
{"learn":[0.4333885116],"iteration":139,"passed_time":0.4739614577,"remaining_time":2.911477526},
{"learn":[0.4328383012],"iteration":140,"passed_time":0.4760611068,"remaining_time":2.9002588},
{"learn":[0.4318667017],"iteration":141,"passed_time":0.4781788434,"remaining_time":2.8892778},
{"learn":[0.4309414642],"iteration":142,"passed_time":0.4803328148,"remaining_time":2.878637918},
{"learn":[0.4304539844],"iteration":143,"passed_time":0.4826094197,"remaining_time":2.868844884},
{"learn":[0.4297149042],"iteration":144,"passed_time":0.4844675197,"remaining_time":2.856687788},
{"learn":[0.4285975909],"iteration":145,"passed_time":0.4862795544,"remaining_time":2.844402325},
{"learn":[0.4279055509],"iteration":146,"passed_time":0.4881944518,"remaining_time":2.832856241},
{"learn":[0.4271237768],"iteration":147,"passed_time":0.4901256829,"remaining_time":2.821534337},
{"learn":[0.4262275156],"iteration":148,"passed_time":0.4919945451,"remaining_time":2.809982268},
{"learn":[0.425434336],"iteration":149,"passed_time":0.4940350922,"remaining_time":2.799532189},
{"learn":[0.4245262069],"iteration":150,"passed_time":0.4965912848,"remaining_time":2.792092721},
{"learn":[0.4237479778],"iteration":151,"passed_time":0.4987051935,"remaining_time":2.782250027},
{"learn":[0.4232214725],"iteration":152,"passed_time":0.5006136776,"remaining_time":2.771371143},
{"learn":[0.4225833777],"iteration":153,"passed_time":0.5027191989,"remaining_time":2.761691183},
{"learn":[0.4220495975],"iteration":154,"passed_time":0.5050766639,"remaining_time":2.753482458},
{"learn":[0.4213254062],"iteration":155,"passed_time":0.5072136943,"remaining_time":2.744156141},
{"learn":[0.4206075957],"iteration":156,"passed_time":0.5100533858,"remaining_time":2.738694295},
{"learn":[0.420112317],"iteration":157,"passed_time":0.5122938961,"remaining_time":2.730072535},
{"learn":[0.4193881565],"iteration":158,"passed_time":0.5146633428,"remaining_time":2.722213027},
{"learn":[0.4189730558],"iteration":159,"passed_time":0.5166062882,"remaining_time":2.712183013},
{"learn":[0.4185219813],"iteration":160,"passed_time":0.5187314911,"remaining_time":2.703203236},
{"learn":[0.4178725426],"iteration":161,"passed_time":0.5209143413,"remaining_time":2.694606284},
{"learn":[0.4170136423],"iteration":162,"passed_time":0.5232130729,"remaining_time":2.68668308},
{"learn":[0.4161469431],"iteration":163,"passed_time":0.5252910262,"remaining_time":2.677703036},
{"learn":[0.415233142],"iteration":164,"passed_time":0.5274663718,"remaining_time":2.669299518},
{"learn":[0.4145128346],"iteration":165,"passed_time":0.5297492095,"remaining_time":2.661511089},
{"learn":[0.4135666356],"iteration":166,"passed_time":0.5317331195,"remaining_time":2.652297536},
{"learn":[0.412912049],"iteration":167,"passed_time":0.533970353,"remaining_time":2.644424606},
{"learn":[0.4118920529],"iteration":168,"passed_time":0.5361203162,"remaining_time":2.636189247},
{"learn":[0.4110311489],"iteration":169,"passed_time":0.5385521819,"remaining_time":2.629401829},
{"learn":[0.4100570216],"iteration":170,"passed_time":0.5409765431,"remaining_time":2.622628972},
{"learn":[0.4090205337],"iteration":171,"passed_time":0.5434474085,"remaining_time":2.616130548},
{"learn":[0.4083474207],"iteration":172,"passed_time":0.5458374678,"remaining_time":2.609292404},
{"learn":[0.4077957616],"iteration":173,"passed_time":0.548537147,"remaining_time":2.603975192},
{"learn":[0.4073447488],"iteration":174,"passed_time":0.5508804397,"remaining_time":2.597007787},
{"learn":[0.4067704018],"iteration":175,"passed_time":0.5531699031,"remaining_time":2.58984091},
{"learn":[0.406034065],"iteration":176,"passed_time":0.5555029446,"remaining_time":2.582931771},
{"learn":[0.4051732535],"iteration":177,"passed_time":0.5577633731,"remaining_time":2.575738723},
{"learn":[0.4045687589],"iteration":178,"passed_time":0.5598507268,"remaining_time":2.567806965},
{"learn":[0.4039760705],"iteration":179,"passed_time":0.5619622315,"remaining_time":2.560050166},
{"learn":[0.4031637173],"iteration":180,"passed_time":0.5641922601,"remaining_time":2.55289205},
{"learn":[0.4024258084],"iteration":181,"passed_time":0.5663047659,"remaining_time":2.545259882},
{"learn":[0.4017698346],"iteration":182,"passed_time":0.5686228865,"remaining_time":2.538606002},
{"learn":[0.4011641069],"iteration":183,"passed_time":0.5709207554,"remaining_time":2.531909437},
{"learn":[0.400653631],"iteration":184,"passed_time":0.5731954994,"remaining_time":2.525158551},
{"learn":[0.4002155651],"iteration":185,"passed_time":0.5753201492,"remaining_time":2.517798933},
{"learn":[0.3990500094],"iteration":186,"passed_time":0.5772987182,"remaining_time":2.509860202},
{"learn":[0.3985396568],"iteration":187,"passed_time":0.5791919708,"remaining_time":2.501616384},
{"learn":[0.3978874746],"iteration":188,"passed_time":0.5811451182,"remaining_time":2.493696777},
{"learn":[0.397325797],"iteration":189,"passed_time":0.5830375892,"remaining_time":2.485581301},
{"learn":[0.3969282054],"iteration":190,"passed_time":0.5850003455,"remaining_time":2.477828688},
{"learn":[0.3963288278],"iteration":191,"passed_time":0.5869065248,"remaining_time":2.469898292},
{"learn":[0.3955269245],"iteration":192,"passed_time":0.5888057097,"remaining_time":2.462001076},
{"learn":[0.394898509],"iteration":193,"passed_time":0.5907095542,"remaining_time":2.454185055},
{"learn":[0.3942636509],"iteration":194,"passed_time":0.5926352038,"remaining_time":2.446519687},
{"learn":[0.3938368672],"iteration":195,"passed_time":0.5945148884,"remaining_time":2.438724338},
{"learn":[0.3930747292],"iteration":196,"passed_time":0.5966456388,"remaining_time":2.432012426},
{"learn":[0.3926118485],"iteration":197,"passed_time":0.598544473,"remaining_time":2.424407411},
{"learn":[0.3919372559],"iteration":198,"passed_time":0.600451454,"remaining_time":2.416892536},
{"learn":[0.3914642334],"iteration":199,"passed_time":0.6024893455,"remaining_time":2.409957382},
{"learn":[0.3908425071],"iteration":200,"passed_time":0.6043371843,"remaining_time":2.402315474},
{"learn":[0.390356846],"iteration":201,"passed_time":0.6062345554,"remaining_time":2.39492661},
{"learn":[0.3896259655],"iteration":202,"passed_time":0.6081414062,"remaining_time":2.387629068},
{"learn":[0.3886548591],"iteration":203,"passed_time":0.6099627402,"remaining_time":2.380050692},
{"learn":[0.3881135574],"iteration":204,"passed_time":0.6118183049,"remaining_time":2.372661231},
{"learn":[0.3875151047],"iteration":205,"passed_time":0.6136961156,"remaining_time":2.365411242},
{"learn":[0.3868981564],"iteration":206,"passed_time":0.6158437039,"remaining_time":2.359246653},
{"learn":[0.386433611],"iteration":207,"passed_time":0.6178162614,"remaining_time":2.352454226},
{"learn":[0.3861253526],"iteration":208,"passed_time":0.619836306,"remaining_time":2.345887646},
{"learn":[0.3853475551],"iteration":209,"passed_time":0.6216927426,"remaining_time":2.338748889},
{"learn":[0.3847463897],"iteration":210,"passed_time":0.6235594003,"remaining_time":2.331698421},
{"learn":[0.384312516],"iteration":211,"passed_time":0.6256236553,"remaining_time":2.325431322},
{"learn":[0.3834796944],"iteration":212,"passed_time":0.6276549342,"remaining_time":2.319081846},
{"learn":[0.382584173],"iteration":213,"passed_time":0.6299630632,"remaining_time":2.313789568},
{"learn":[0.3817217894],"iteration":214,"passed_time":0.6318920797,"remaining_time":2.307140849},
{"learn":[0.3810573385],"iteration":215,"passed_time":0.6338001339,"remaining_time":2.300459745},
{"learn":[0.3810403843],"iteration":216,"passed_time":0.6348413858,"remaining_time":2.290694954},
{"learn":[0.3803788002],"iteration":217,"passed_time":0.6367514822,"remaining_time":2.284126877},
{"learn":[0.3797284984],"iteration":218,"passed_time":0.6386752078,"remaining_time":2.277649942},
{"learn":[0.3791900018],"iteration":219,"passed_time":0.6407820328,"remaining_time":2.271863571},
{"learn":[0.3783425071],"iteration":220,"passed_time":0.6428828634,"remaining_time":2.266089369},
{"learn":[0.3779180662],"iteration":221,"passed_time":0.6450250104,"remaining_time":2.260493055},
{"learn":[0.3774533358],"iteration":222,"passed_time":0.6469589071,"remaining_time":2.254202111},
{"learn":[0.3769371264],"iteration":223,"passed_time":0.6489172542,"remaining_time":2.248034774},
{"learn":[0.3762987541],"iteration":224,"passed_time":0.6508129118,"remaining_time":2.241688918},
{"learn":[0.3759094238],"iteration":225,"passed_time":0.6528243387,"remaining_time":2.23577893},
{"learn":[0.3751950659],"iteration":226,"passed_time":0.6546997043,"remaining_time":2.229439962},
{"learn":[0.3747279003],"iteration":227,"passed_time":0.6566185398,"remaining_time":2.223287337},
{"learn":[0.3741851807],"iteration":228,"passed_time":0.6585733597,"remaining_time":2.21729284},
{"learn":[0.3735361427],"iteration":229,"passed_time":0.6606379063,"remaining_time":2.211700817},
{"learn":[0.3729565861],"iteration":230,"passed_time":0.662790054,"remaining_time":2.206430959},
{"learn":[0.3726005169],"iteration":231,"passed_time":0.6650190404,"remaining_time":2.201442341},
{"learn":[0.37258757],"iteration":232,"passed_time":0.666197085,"remaining_time":2.193017872},
{"learn":[0.3721166746],"iteration":233,"passed_time":0.6682120091,"remaining_time":2.187394867},
{"learn":[0.3712427621],"iteration":234,"passed_time":0.6710630511,"remaining_time":2.1845244},
{"learn":[0.3708129883],"iteration":235,"passed_time":0.6734827547,"remaining_time":2.180257731},
{"learn":[0.3702509408],"iteration":236,"passed_time":0.6754646605,"remaining_time":2.174597198},
{"learn":[0.3698919123],"iteration":237,"passed_time":0.677336559,"remaining_time":2.16861537},
{"learn":[0.3691244723],"iteration":238,"passed_time":0.6792731953,"remaining_time":2.162874065},
{"learn":[0.3686907527],"iteration":239,"passed_time":0.6811778214,"remaining_time":2.157063101},
{"learn":[0.368066622],"iteration":240,"passed_time":0.6831091427,"remaining_time":2.151368628},
{"learn":[0.3674065484],"iteration":241,"passed_time":0.6850673055,"remaining_time":2.145789329},
{"learn":[0.366593332],"iteration":242,"passed_time":0.6869453968,"remaining_time":2.139990393},
{"learn":[0.3662196612],"iteration":243,"passed_time":0.6887509382,"remaining_time":2.133998808},
{"learn":[0.3657466388],"iteration":244,"passed_time":0.6905515694,"remaining_time":2.128026265},
{"learn":[0.3653635969],"iteration":245,"passed_time":0.6923803488,"remaining_time":2.122173915},
{"learn":[0.3648436267],"iteration":246,"passed_time":0.6942626488,"remaining_time":2.116517306},
{"learn":[0.3643067023],"iteration":247,"passed_time":0.6962371363,"remaining_time":2.111170671},
{"learn":[0.3638108687],"iteration":248,"passed_time":0.698350133,"remaining_time":2.106268875},
{"learn":[0.3633832219],"iteration":249,"passed_time":0.700306937,"remaining_time":2.100920811},
{"learn":[0.363264789],"iteration":250,"passed_time":0.7019114028,"remaining_time":2.094548369},
{"learn":[0.3625319972],"iteration":251,"passed_time":0.7038038137,"remaining_time":2.089068463},
{"learn":[0.3619930999],"iteration":252,"passed_time":0.705781601,"remaining_time":2.083868996},
{"learn":[0.3612953263],"iteration":253,"passed_time":0.7076236478,"remaining_time":2.078296226},
{"learn":[0.3608120388],"iteration":254,"passed_time":0.7095032122,"remaining_time":2.072862326},
{"learn":[0.3605310922],"iteration":255,"passed_time":0.7113773553,"remaining_time":2.067440439},
{"learn":[0.3602181175],"iteration":256,"passed_time":0.7133397007,"remaining_time":2.062301158},
{"learn":[0.359684029],"iteration":257,"passed_time":0.7153432713,"remaining_time":2.057305067},
{"learn":[0.3592673562],"iteration":258,"passed_time":0.7174489129,"remaining_time":2.05262411},
{"learn":[0.3586521958],"iteration":259,"passed_time":0.7194531148,"remaining_time":2.04767425},
{"learn":[0.358028959],"iteration":260,"passed_time":0.7213517085,"remaining_time":2.042447941},
{"learn":[0.3575110233],"iteration":261,"passed_time":0.7232196788,"remaining_time":2.037160775},
{"learn":[0.3567099831],"iteration":262,"passed_time":0.7250858555,"remaining_time":2.031894584},
{"learn":[0.3564630374],"iteration":263,"passed_time":0.7270184094,"remaining_time":2.026839202},
{"learn":[0.3557220459],"iteration":264,"passed_time":0.7290549982,"remaining_time":2.022095938},
{"learn":[0.3552374946],"iteration":265,"passed_time":0.7309200927,"remaining_time":2.016899805},
{"learn":[0.3552136046],"iteration":266,"passed_time":0.7321407252,"remaining_time":2.009959369},
{"learn":[0.3544666945],"iteration":267,"passed_time":0.7340919376,"remaining_time":2.005057083},
{"learn":[0.3536733916],"iteration":268,"passed_time":0.7359902607,"remaining_time":2.000033013},
{"learn":[0.3533532037],"iteration":269,"passed_time":0.7378815193,"remaining_time":1.995012996},
{"learn":[0.3530231514],"iteration":270,"passed_time":0.7397851433,"remaining_time":1.990049334},
{"learn":[0.3525629525],"iteration":271,"passed_time":0.7416815424,"remaining_time":1.985088834},
{"learn":[0.3520356766],"iteration":272,"passed_time":0.7439324442,"remaining_time":1.981094824},
{"learn":[0.3517386697],"iteration":273,"passed_time":0.7458758004,"remaining_time":1.976298654},
{"learn":[0.351045674],"iteration":274,"passed_time":0.7477656359,"remaining_time":1.971382131},
{"learn":[0.3503444479],"iteration":275,"passed_time":0.7496522649,"remaining_time":1.96647913},
{"learn":[0.349755921],"iteration":276,"passed_time":0.7515359377,"remaining_time":1.961590191},
{"learn":[0.349347417],"iteration":277,"passed_time":0.7534638319,"remaining_time":1.956837722},
{"learn":[0.3489439377],"iteration":278,"passed_time":0.7552969202,"remaining_time":1.9518605},
{"learn":[0.3487373737],"iteration":279,"passed_time":0.7572774632,"remaining_time":1.947284905},
{"learn":[0.3481167572],"iteration":280,"passed_time":0.7595780877,"remaining_time":1.94354678},
{"learn":[0.3478505144],"iteration":281,"passed_time":0.7617350854,"remaining_time":1.939453161},
{"learn":[0.3475367382],"iteration":282,"passed_time":0.7637874168,"remaining_time":1.935108049},
{"learn":[0.3469169848],"iteration":283,"passed_time":0.7659235915,"remaining_time":1.930990463},
{"learn":[0.3466170494],"iteration":284,"passed_time":0.7682382159,"remaining_time":1.927334471},
{"learn":[0.3463986175],"iteration":285,"passed_time":0.7703601511,"remaining_time":1.923206811},
{"learn":[0.3460232821],"iteration":286,"passed_time":0.7724570937,"remaining_time":1.919031038},
{"learn":[0.3456477618],"iteration":287,"passed_time":0.7748873762,"remaining_time":1.915693791},
{"learn":[0.3452290853],"iteration":288,"passed_time":0.7770269088,"remaining_time":1.911647516},
{"learn":[0.3448567708],"iteration":289,"passed_time":0.7791387431,"remaining_time":1.907546578},
{"learn":[0.3444714479],"iteration":290,"passed_time":0.7815859195,"remaining_time":1.904276347},
{"learn":[0.343853544],"iteration":291,"passed_time":0.7841110279,"remaining_time":1.901200712},
{"learn":[0.3431494819],"iteration":292,"passed_time":0.7868143256,"remaining_time":1.898558799},
{"learn":[0.3428928568],"iteration":293,"passed_time":0.7893603062,"remaining_time":1.895538694},
{"learn":[0.3426125883],"iteration":294,"passed_time":0.7915398214,"remaining_time":1.891646014},
{"learn":[0.3415015018],"iteration":295,"passed_time":0.7939806256,"remaining_time":1.888386353},
{"learn":[0.3408931231],"iteration":296,"passed_time":0.7966536086,"remaining_time":1.885681774},
{"learn":[0.340407832],"iteration":297,"passed_time":0.7988464604,"remaining_time":1.88184636},
{"learn":[0.3400640314],"iteration":298,"passed_time":0.8009214486,"remaining_time":1.877745604},
{"learn":[0.3394570707],"iteration":299,"passed_time":0.8036641668,"remaining_time":1.875216389},
{"learn":[0.3391261245],"iteration":300,"passed_time":0.80589112,"remaining_time":1.871488016},
{"learn":[0.338630106],"iteration":301,"passed_time":0.8083052792,"remaining_time":1.868202268},
{"learn":[0.3384631841],"iteration":302,"passed_time":0.8106359247,"remaining_time":1.864730163},
{"learn":[0.3380401303],"iteration":303,"passed_time":0.8129481432,"remaining_time":1.86122338},
{"learn":[0.3377838443],"iteration":304,"passed_time":0.81516277,"remaining_time":1.85750205},
{"learn":[0.3371767911],"iteration":305,"passed_time":0.8179236256,"remaining_time":1.855029399},
{"learn":[0.3367106736],"iteration":306,"passed_time":0.8202927016,"remaining_time":1.851670496},
{"learn":[0.3363146233],"iteration":307,"passed_time":0.8225527422,"remaining_time":1.848073044},
{"learn":[0.335641572],"iteration":308,"passed_time":0.8246665907,"remaining_time":1.844157327},
{"learn":[0.3352734498],"iteration":309,"passed_time":0.8268381585,"remaining_time":1.840381708},
{"learn":[0.3348651],"iteration":310,"passed_time":0.8291362087,"remaining_time":1.836896617},
{"learn":[0.3346013541],"iteration":311,"passed_time":0.8315155289,"remaining_time":1.833598346},
{"learn":[0.3339522853],"iteration":312,"passed_time":0.8339302963,"remaining_time":1.830383749},
{"learn":[0.333565082],"iteration":313,"passed_time":0.8359432763,"remaining_time":1.826296457},
{"learn":[0.332978867],"iteration":314,"passed_time":0.8379932077,"remaining_time":1.82230269},
{"learn":[0.3325203944],"iteration":315,"passed_time":0.840351279,"remaining_time":1.818988211},
{"learn":[0.3321136783],"iteration":316,"passed_time":0.8428937733,"remaining_time":1.81607712},
{"learn":[0.3315224696],"iteration":317,"passed_time":0.8452381883,"remaining_time":1.812743536},
{"learn":[0.3308978765],"iteration":318,"passed_time":0.8479241311,"remaining_time":1.810145245},
{"learn":[0.3303795092],"iteration":319,"passed_time":0.8503468089,"remaining_time":1.806986969},
{"learn":[0.3298707288],"iteration":320,"passed_time":0.8531547017,"remaining_time":1.804648107},
{"learn":[0.329513519],"iteration":321,"passed_time":0.8559101402,"remaining_time":1.802195885},
{"learn":[0.3290796145],"iteration":322,"passed_time":0.8582905556,"remaining_time":1.798955747},
{"learn":[0.3284431226],"iteration":323,"passed_time":0.8604667519,"remaining_time":1.795294828},
{"learn":[0.3281233354],"iteration":324,"passed_time":0.8628182115,"remaining_time":1.792007055},
{"learn":[0.3277053987],"iteration":325,"passed_time":0.865522861,"remaining_time":1.78945524},
{"learn":[0.3271448617],"iteration":326,"passed_time":0.8678657338,"remaining_time":1.786157917},
{"learn":[0.3268923056],"iteration":327,"passed_time":0.870094609,"remaining_time":1.782632858},
{"learn":[0.3264780372],"iteration":328,"passed_time":0.8725088062,"remaining_time":1.779493644},
{"learn":[0.3261220604],"iteration":329,"passed_time":0.8756589093,"remaining_time":1.777852937},
{"learn":[0.3257126933],"iteration":330,"passed_time":0.878665116,"remaining_time":1.775912274},
{"learn":[0.3252828887],"iteration":331,"passed_time":0.8811301162,"remaining_time":1.772876258},
{"learn":[0.3247311371],"iteration":332,"passed_time":0.883733801,"remaining_time":1.770121457},
{"learn":[0.3243131387],"iteration":333,"passed_time":0.8860337,"remaining_time":1.766761809},
{"learn":[0.3240067607],"iteration":334,"passed_time":0.8880142721,"remaining_time":1.7627746},
{"learn":[0.3233774204],"iteration":335,"passed_time":0.8903045162,"remaining_time":1.759411306},
{"learn":[0.3228539053],"iteration":336,"passed_time":0.8928759203,"remaining_time":1.756607523},
{"learn":[0.3223815918],"iteration":337,"passed_time":0.8956127753,"remaining_time":1.754129163},
{"learn":[0.3220674765],"iteration":338,"passed_time":0.8976593257,"remaining_time":1.750303287},
{"learn":[0.3215353301],"iteration":339,"passed_time":0.8997965425,"remaining_time":1.746663877},
{"learn":[0.3210372154],"iteration":340,"passed_time":0.9018592754,"remaining_time":1.742889333},
{"learn":[0.3206317324],"iteration":341,"passed_time":0.904215111,"remaining_time":1.739688722},
{"learn":[0.3203012794],"iteration":342,"passed_time":0.9064251193,"remaining_time":1.736213712},
{"learn":[0.3197478323],"iteration":343,"passed_time":0.9086142423,"remaining_time":1.73270623},
{"learn":[0.3192457719],"iteration":344,"passed_time":0.9105643825,"remaining_time":1.728752668},
{"learn":[0.3190538503],"iteration":345,"passed_time":0.9123938333,"remaining_time":1.724582564},
{"learn":[0.3186364068],"iteration":346,"passed_time":0.914290523,"remaining_time":1.720552483},
{"learn":[0.3183911564],"iteration":347,"passed_time":0.9161859001,"remaining_time":1.716532204},
{"learn":[0.3179341942],"iteration":348,"passed_time":0.918054131,"remaining_time":1.712473465},
{"learn":[0.3173921836],"iteration":349,"passed_time":0.9199254182,"remaining_time":1.70843292},
{"learn":[0.3170781916],"iteration":350,"passed_time":0.9218125482,"remaining_time":1.704434028},
{"learn":[0.31680042],"iteration":351,"passed_time":0.9238015687,"remaining_time":1.700634706},
{"learn":[0.3163662381],"iteration":352,"passed_time":0.9256646991,"remaining_time":1.696614902},
{"learn":[0.3160033563],"iteration":353,"passed_time":0.9277376832,"remaining_time":1.692990235},
{"learn":[0.3157197894],"iteration":354,"passed_time":0.9297787312,"remaining_time":1.689316286},
{"learn":[0.3150650179],"iteration":355,"passed_time":0.9318995742,"remaining_time":1.685795859},
{"learn":[0.3148997914],"iteration":356,"passed_time":0.9340082119,"remaining_time":1.682261289},
{"learn":[0.3144839508],"iteration":357,"passed_time":0.9360599321,"remaining_time":1.678632616},
{"learn":[0.3138818606],"iteration":358,"passed_time":0.9382462904,"remaining_time":1.675253126},
{"learn":[0.3136681142],"iteration":359,"passed_time":0.9404646349,"remaining_time":1.671937129},
{"learn":[0.313324961],"iteration":360,"passed_time":0.9424092236,"remaining_time":1.668142642},
{"learn":[0.3129974057],"iteration":361,"passed_time":0.9442585054,"remaining_time":1.664190404},
{"learn":[0.3126055477],"iteration":362,"passed_time":0.9461498741,"remaining_time":1.660323608},
{"learn":[0.3120263302],"iteration":363,"passed_time":0.9479879527,"remaining_time":1.656374555},
{"learn":[0.3115802187],"iteration":364,"passed_time":0.9498650119,"remaining_time":1.652504884},
{"learn":[0.3109890408],"iteration":365,"passed_time":0.9517456785,"remaining_time":1.64865235},
{"learn":[0.3106554128],"iteration":366,"passed_time":0.9536650852,"remaining_time":1.644877381},
{"learn":[0.3103707362],"iteration":367,"passed_time":0.9555843205,"remaining_time":1.641112203},
{"learn":[0.3101290616],"iteration":368,"passed_time":0.9573969465,"remaining_time":1.637174724},
{"learn":[0.3098651],"iteration":369,"passed_time":0.9592927043,"remaining_time":1.63339028},
{"learn":[0.309496947],"iteration":370,"passed_time":0.9612792497,"remaining_time":1.629769941},
{"learn":[0.309014646],"iteration":371,"passed_time":0.9639564926,"remaining_time":1.627324401},
{"learn":[0.3085323141],"iteration":372,"passed_time":0.9663880807,"remaining_time":1.624464683},
{"learn":[0.3082939687],"iteration":373,"passed_time":0.9686509071,"remaining_time":1.62132478},
{"learn":[0.3079033746],"iteration":374,"passed_time":0.9710308826,"remaining_time":1.618384804},
{"learn":[0.3074128739],"iteration":375,"passed_time":0.9730069965,"remaining_time":1.614777569},
{"learn":[0.3071358112],"iteration":376,"passed_time":0.9749065622,"remaining_time":1.611052489},
{"learn":[0.3068900985],"iteration":377,"passed_time":0.9770602129,"remaining_time":1.607755165},
{"learn":[0.3064925069],"iteration":378,"passed_time":0.9789331436,"remaining_time":1.604003911},
{"learn":[0.3058311077],"iteration":379,"passed_time":0.980825334,"remaining_time":1.600293966},
{"learn":[0.3051784631],"iteration":380,"passed_time":0.9828277823,"remaining_time":1.596772696},
{"learn":[0.3046727653],"iteration":381,"passed_time":0.9847542235,"remaining_time":1.593136414},
{"learn":[0.3042047057],"iteration":382,"passed_time":0.9869724507,"remaining_time":1.589979118},
{"learn":[0.3035920731],"iteration":383,"passed_time":0.9888715254,"remaining_time":1.586314739},
{"learn":[0.3031456533],"iteration":384,"passed_time":0.9907402373,"remaining_time":1.582611028},
{"learn":[0.3028425429],"iteration":385,"passed_time":0.9925751594,"remaining_time":1.578863077},
{"learn":[0.3024111969],"iteration":386,"passed_time":0.9943996699,"remaining_time":1.575108521},
{"learn":[0.3021339494],"iteration":387,"passed_time":0.9962641331,"remaining_time":1.571426932},
{"learn":[0.3017835521],"iteration":388,"passed_time":0.9981719157,"remaining_time":1.567822726},
{"learn":[0.3014126248],"iteration":389,"passed_time":1.000282722,"remaining_time":1.56454477},
{"learn":[0.3011182997],"iteration":390,"passed_time":1.002501794,"remaining_time":1.561441413},
{"learn":[0.3008982649],"iteration":391,"passed_time":1.004486005,"remaining_time":1.557978293},
{"learn":[0.3006818983],"iteration":392,"passed_time":1.006333643,"remaining_time":1.554311759},
{"learn":[0.3003192324],"iteration":393,"passed_time":1.008316017,"remaining_time":1.550861691},
{"learn":[0.3000870522],"iteration":394,"passed_time":1.010168635,"remaining_time":1.547220315},
{"learn":[0.29960956],"iteration":395,"passed_time":1.012080336,"remaining_time":1.543678088},
{"learn":[0.2994393705],"iteration":396,"passed_time":1.013934277,"remaining_time":1.540056346},
{"learn":[0.2990914701],"iteration":397,"passed_time":1.016280166,"remaining_time":1.537187587},
{"learn":[0.2984409833],"iteration":398,"passed_time":1.018246239,"remaining_time":1.533749347},
{"learn":[0.2981531933],"iteration":399,"passed_time":1.02043881,"remaining_time":1.530658215},
{"learn":[0.2978769322],"iteration":400,"passed_time":1.02272287,"remaining_time":1.527708227},
{"learn":[0.297472713],"iteration":401,"passed_time":1.024925562,"remaining_time":1.524640513},
{"learn":[0.2972234553],"iteration":402,"passed_time":1.027251499,"remaining_time":1.521759665},
{"learn":[0.2967233677],"iteration":403,"passed_time":1.029367913,"remaining_time":1.518572466},
{"learn":[0.2964623654],"iteration":404,"passed_time":1.031520141,"remaining_time":1.51544317},
{"learn":[0.2961464005],"iteration":405,"passed_time":1.03354711,"remaining_time":1.512135426},
{"learn":[0.2958500409],"iteration":406,"passed_time":1.035740853,"remaining_time":1.509076968},
{"learn":[0.2956183539],"iteration":407,"passed_time":1.037787904,"remaining_time":1.5058099},
{"learn":[0.295264535],"iteration":408,"passed_time":1.039761172,"remaining_time":1.502442182},
{"learn":[0.2949360549],"iteration":409,"passed_time":1.042153766,"remaining_time":1.499684688},
{"learn":[0.2944544937],"iteration":410,"passed_time":1.04443936,"remaining_time":1.496775628},
{"learn":[0.2941642992],"iteration":411,"passed_time":1.046797934,"remaining_time":1.493973751},
{"learn":[0.2939512619],"iteration":412,"passed_time":1.049128781,"remaining_time":1.491134611},
{"learn":[0.2933168353],"iteration":413,"passed_time":1.051302413,"remaining_time":1.488075396},
{"learn":[0.2928119081],"iteration":414,"passed_time":1.053206127,"remaining_time":1.484639963},
{"learn":[0.2926125266],"iteration":415,"passed_time":1.055300145,"remaining_time":1.48147905},
{"learn":[0.2921994604],"iteration":416,"passed_time":1.057548381,"remaining_time":1.478538864},
{"learn":[0.2917105627],"iteration":417,"passed_time":1.059693144,"remaining_time":1.475457918},
{"learn":[0.2912510727],"iteration":418,"passed_time":1.061844179,"remaining_time":1.472390138},
{"learn":[0.2909436775],"iteration":419,"passed_time":1.064332501,"remaining_time":1.469792502},
{"learn":[0.290608354],"iteration":420,"passed_time":1.066618879,"remaining_time":1.466917651},
{"learn":[0.2901181616],"iteration":421,"passed_time":1.069180553,"remaining_time":1.464422654},
{"learn":[0.2900508996],"iteration":422,"passed_time":1.070846726,"remaining_time":1.460705817},
{"learn":[0.2897188437],"iteration":423,"passed_time":1.073067874,"remaining_time":1.457752583},
{"learn":[0.2894250735],"iteration":424,"passed_time":1.074954563,"remaining_time":1.454350291},
{"learn":[0.2889495233],"iteration":425,"passed_time":1.076928342,"remaining_time":1.451072461},
{"learn":[0.2884002994],"iteration":426,"passed_time":1.078880506,"remaining_time":1.447771733},
{"learn":[0.2881959857],"iteration":427,"passed_time":1.080736101,"remaining_time":1.444348247},
{"learn":[0.2876978402],"iteration":428,"passed_time":1.08262259,"remaining_time":1.440973191},
{"learn":[0.2874980888],"iteration":429,"passed_time":1.084544422,"remaining_time":1.437651908},
{"learn":[0.2872293492],"iteration":430,"passed_time":1.086611654,"remaining_time":1.434529074},
{"learn":[0.2867582995],"iteration":431,"passed_time":1.088503483,"remaining_time":1.431180506},
{"learn":[0.2864143449],"iteration":432,"passed_time":1.090342744,"remaining_time":1.427769829},
{"learn":[0.2860968696],"iteration":433,"passed_time":1.09258108,"remaining_time":1.424886847},
{"learn":[0.2857384884],"iteration":434,"passed_time":1.094509275,"remaining_time":1.421604001},
{"learn":[0.2854487255],"iteration":435,"passed_time":1.096320027,"remaining_time":1.418175448},
{"learn":[0.2851968168],"iteration":436,"passed_time":1.098244364,"remaining_time":1.414900634},
{"learn":[0.2848267835],"iteration":437,"passed_time":1.10008611,"remaining_time":1.411526014},
{"learn":[0.284146858],"iteration":438,"passed_time":1.102004635,"remaining_time":1.408256493},
{"learn":[0.2838225394],"iteration":439,"passed_time":1.103938101,"remaining_time":1.405012128},
{"learn":[0.2835412228],"iteration":440,"passed_time":1.105935299,"remaining_time":1.401854495},
{"learn":[0.2833430743],"iteration":441,"passed_time":1.107882663,"remaining_time":1.398639199},
{"learn":[0.2832093518],"iteration":442,"passed_time":1.109753269,"remaining_time":1.395333117},
{"learn":[0.2829266789],"iteration":443,"passed_time":1.111601398,"remaining_time":1.392005354},
{"learn":[0.2825267137],"iteration":444,"passed_time":1.113524482,"remaining_time":1.388777725},
{"learn":[0.2821919143],"iteration":445,"passed_time":1.115455553,"remaining_time":1.385565866},
{"learn":[0.2819027679],"iteration":446,"passed_time":1.11739944,"remaining_time":1.382375594},
{"learn":[0.2814258306],"iteration":447,"passed_time":1.119262531,"remaining_time":1.379091332},
{"learn":[0.2809604529],"iteration":448,"passed_time":1.121194593,"remaining_time":1.375898042},
{"learn":[0.2805550007],"iteration":449,"passed_time":1.12305604,"remaining_time":1.372624049},
{"learn":[0.2802819454],"iteration":450,"passed_time":1.124998966,"remaining_time":1.369455504},
{"learn":[0.2797897185],"iteration":451,"passed_time":1.126880935,"remaining_time":1.366218479},
{"learn":[0.2795768352],"iteration":452,"passed_time":1.128767864,"remaining_time":1.362993426},
{"learn":[0.2792296747],"iteration":453,"passed_time":1.130657149,"remaining_time":1.3597771},
{"learn":[0.2788243458],"iteration":454,"passed_time":1.132625036,"remaining_time":1.356660757},
{"learn":[0.2785359701],"iteration":455,"passed_time":1.13440295,"remaining_time":1.353322818},
{"learn":[0.2781680945],"iteration":456,"passed_time":1.136600962,"remaining_time":1.350490859},
{"learn":[0.2777737088],"iteration":457,"passed_time":1.138954163,"remaining_time":1.347845319},
{"learn":[0.2772762414],"iteration":458,"passed_time":1.14109036,"remaining_time":1.344945283},
{"learn":[0.2769153942],"iteration":459,"passed_time":1.143047114,"remaining_time":1.341837917},
{"learn":[0.2767113271],"iteration":460,"passed_time":1.145075927,"remaining_time":1.338819793},
{"learn":[0.2763794562],"iteration":461,"passed_time":1.146968218,"remaining_time":1.335646972},
{"learn":[0.2761293353],"iteration":462,"passed_time":1.148936004,"remaining_time":1.332567245},
{"learn":[0.2759365506],"iteration":463,"passed_time":1.150835901,"remaining_time":1.329413885},
{"learn":[0.2756763805],"iteration":464,"passed_time":1.152768505,"remaining_time":1.326303548},
{"learn":[0.2751787899],"iteration":465,"passed_time":1.154695557,"remaining_time":1.323191904},
{"learn":[0.2746794421],"iteration":466,"passed_time":1.156636849,"remaining_time":1.320101586},
{"learn":[0.2743382309],"iteration":467,"passed_time":1.15852918,"remaining_time":1.316960521},
{"learn":[0.2741592561],"iteration":468,"passed_time":1.160350414,"remaining_time":1.313744285},
{"learn":[0.2738265837],"iteration":469,"passed_time":1.162195306,"remaining_time":1.310560664},
{"learn":[0.2735237507],"iteration":470,"passed_time":1.164022222,"remaining_time":1.307362538},
{"learn":[0.273090586],"iteration":471,"passed_time":1.165929533,"remaining_time":1.304260156},
{"learn":[0.2727917604],"iteration":472,"passed_time":1.16780523,"remaining_time":1.301127603},
{"learn":[0.2725769043],"iteration":473,"passed_time":1.169669011,"remaining_time":1.297987131},
{"learn":[0.2724510732],"iteration":474,"passed_time":1.17164752,"remaining_time":1.294978838},
{"learn":[0.2721097696],"iteration":475,"passed_time":1.173445065,"remaining_time":1.29177566},
{"learn":[0.2718854191],"iteration":476,"passed_time":1.175340783,"remaining_time":1.288686016},
{"learn":[0.2716436521],"iteration":477,"passed_time":1.177252193,"remaining_time":1.285618504},
{"learn":[0.2712627372],"iteration":478,"passed_time":1.179376463,"remaining_time":1.282787343},
{"learn":[0.2709850581],"iteration":479,"passed_time":1.181464027,"remaining_time":1.279919363},
{"learn":[0.2706815469],"iteration":480,"passed_time":1.183577585,"remaining_time":1.277082675},
{"learn":[0.2704050392],"iteration":481,"passed_time":1.185712808,"remaining_time":1.274272271},
{"learn":[0.2698966286],"iteration":482,"passed_time":1.187832799,"remaining_time":1.271448358},
{"learn":[0.2696983877],"iteration":483,"passed_time":1.189827722,"remaining_time":1.268494017},
{"learn":[0.2694840865],"iteration":484,"passed_time":1.192075046,"remaining_time":1.265811647},
{"learn":[0.2693001179],"iteration":485,"passed_time":1.194076263,"remaining_time":1.26287078},
{"learn":[0.269012297],"iteration":486,"passed_time":1.195951188,"remaining_time":1.259800738},
{"learn":[0.268821331],"iteration":487,"passed_time":1.197829469,"remaining_time":1.256739115},
{"learn":[0.2686348963],"iteration":488,"passed_time":1.199727893,"remaining_time":1.253703381},
{"learn":[0.2683993253],"iteration":489,"passed_time":1.201676309,"remaining_time":1.250724322},
{"learn":[0.2680001924],"iteration":490,"passed_time":1.203872859,"remaining_time":1.248006691},
{"learn":[0.2677234072],"iteration":491,"passed_time":1.205866859,"remaining_time":1.245082041},
{"learn":[0.2674288663],"iteration":492,"passed_time":1.207958631,"remaining_time":1.242261716},
{"learn":[0.2670260651],"iteration":493,"passed_time":1.210725817,"remaining_time":1.240136161},
{"learn":[0.2667362714],"iteration":494,"passed_time":1.21295063,"remaining_time":1.237454683},
{"learn":[0.2664092709],"iteration":495,"passed_time":1.215177637,"remaining_time":1.234777277},
{"learn":[0.2660706183],"iteration":496,"passed_time":1.217928799,"remaining_time":1.232632165},
{"learn":[0.2657788826],"iteration":497,"passed_time":1.220771473,"remaining_time":1.230576866},
{"learn":[0.2654615306],"iteration":498,"passed_time":1.223394525,"remaining_time":1.228297909},
{"learn":[0.2650408504],"iteration":499,"passed_time":1.225819867,"remaining_time":1.225819867},
{"learn":[0.2646340418],"iteration":500,"passed_time":1.228691121,"remaining_time":1.223786166},
{"learn":[0.2642811168],"iteration":501,"passed_time":1.230998068,"remaining_time":1.221189319},
{"learn":[0.2640325989],"iteration":502,"passed_time":1.233263169,"remaining_time":1.218552277},
{"learn":[0.2637702094],"iteration":503,"passed_time":1.2356714,"remaining_time":1.216057568},
{"learn":[0.2635935157],"iteration":504,"passed_time":1.237941397,"remaining_time":1.213427706},
{"learn":[0.2631663005],"iteration":505,"passed_time":1.240275371,"remaining_time":1.210861726},
{"learn":[0.2628028638],"iteration":506,"passed_time":1.242656221,"remaining_time":1.208342243},
{"learn":[0.262326543],"iteration":507,"passed_time":1.244853121,"remaining_time":1.205645149},
{"learn":[0.2620900472],"iteration":508,"passed_time":1.24720003,"remaining_time":1.203094725},
{"learn":[0.2617027206],"iteration":509,"passed_time":1.249238805,"remaining_time":1.200249048},
{"learn":[0.2613472678],"iteration":510,"passed_time":1.251257461,"remaining_time":1.197387276},
{"learn":[0.2609622223],"iteration":511,"passed_time":1.253273303,"remaining_time":1.194526116},
{"learn":[0.2605564927],"iteration":512,"passed_time":1.255356281,"remaining_time":1.191731986},
{"learn":[0.2601861511],"iteration":513,"passed_time":1.257335688,"remaining_time":1.188842693},
{"learn":[0.2597342443],"iteration":514,"passed_time":1.2603127,"remaining_time":1.186896426},
{"learn":[0.2594288219],"iteration":515,"passed_time":1.262677287,"remaining_time":1.184371719},
{"learn":[0.2592948528],"iteration":516,"passed_time":1.264914581,"remaining_time":1.181728709},
{"learn":[0.259102438],"iteration":517,"passed_time":1.267021114,"remaining_time":1.178965593},
{"learn":[0.258774636],"iteration":518,"passed_time":1.269367273,"remaining_time":1.176427087},
{"learn":[0.2585306341],"iteration":519,"passed_time":1.271656067,"remaining_time":1.173836369},
{"learn":[0.2583101523],"iteration":520,"passed_time":1.274027688,"remaining_time":1.171322961},
{"learn":[0.2580826268],"iteration":521,"passed_time":1.276424211,"remaining_time":1.168832898},
{"learn":[0.2577144584],"iteration":522,"passed_time":1.27894675,"remaining_time":1.166458125},
{"learn":[0.257243116],"iteration":523,"passed_time":1.281669285,"remaining_time":1.164264465},
{"learn":[0.256940622],"iteration":524,"passed_time":1.284000152,"remaining_time":1.161714423},
{"learn":[0.2565114647],"iteration":525,"passed_time":1.286327242,"remaining_time":1.159161812},
{"learn":[0.2561097733],"iteration":526,"passed_time":1.288715668,"remaining_time":1.156665106},
{"learn":[0.2557194719],"iteration":527,"passed_time":1.290878608,"remaining_time":1.153967241},
{"learn":[0.2552221741],"iteration":528,"passed_time":1.293083668,"remaining_time":1.151308899},
{"learn":[0.2548187872],"iteration":529,"passed_time":1.295298398,"remaining_time":1.148660844},
{"learn":[0.2545507566],"iteration":530,"passed_time":1.297526246,"remaining_time":1.146026007},
{"learn":[0.2542111329],"iteration":531,"passed_time":1.299505632,"remaining_time":1.143174127},
{"learn":[0.2537662699],"iteration":532,"passed_time":1.301522391,"remaining_time":1.140358267},
{"learn":[0.253280393],"iteration":533,"passed_time":1.30351848,"remaining_time":1.137527363},
{"learn":[0.2531259248],"iteration":534,"passed_time":1.305518393,"remaining_time":1.134702902},
{"learn":[0.2528215196],"iteration":535,"passed_time":1.307506757,"remaining_time":1.131871521},
{"learn":[0.2525209215],"iteration":536,"passed_time":1.309538407,"remaining_time":1.1290806},
{"learn":[0.2522542318],"iteration":537,"passed_time":1.31146144,"remaining_time":1.126199229},
{"learn":[0.2520508121],"iteration":538,"passed_time":1.313457946,"remaining_time":1.123384254},
{"learn":[0.2516613893],"iteration":539,"passed_time":1.315442829,"remaining_time":1.12056241},
{"learn":[0.2513070617],"iteration":540,"passed_time":1.317678358,"remaining_time":1.117956315},
{"learn":[0.251133728],"iteration":541,"passed_time":1.319913345,"remaining_time":1.115351129},
{"learn":[0.2509511928],"iteration":542,"passed_time":1.322093621,"remaining_time":1.112701261},
{"learn":[0.2506085328],"iteration":543,"passed_time":1.324495455,"remaining_time":1.110238838},
{"learn":[0.2503668429],"iteration":544,"passed_time":1.327018909,"remaining_time":1.107878172},
{"learn":[0.2500681868],"iteration":545,"passed_time":1.329504115,"remaining_time":1.105485107},
{"learn":[0.2498154765],"iteration":546,"passed_time":1.332693787,"remaining_time":1.103675111},
{"learn":[0.2494773171],"iteration":547,"passed_time":1.335664206,"remaining_time":1.101679236},
{"learn":[0.2491058041],"iteration":548,"passed_time":1.338036711,"remaining_time":1.099188628},
{"learn":[0.2486795136],"iteration":549,"passed_time":1.340793102,"remaining_time":1.097012538},
{"learn":[0.2484972096],"iteration":550,"passed_time":1.343715528,"remaining_time":1.094969641},
{"learn":[0.2482120398],"iteration":551,"passed_time":1.346238356,"remaining_time":1.092599245},
{"learn":[0.2480240639],"iteration":552,"passed_time":1.348568286,"remaining_time":1.090072376},
{"learn":[0.2477509161],"iteration":553,"passed_time":1.351095333,"remaining_time":1.087704907},
{"learn":[0.2474766587],"iteration":554,"passed_time":1.353742289,"remaining_time":1.085433007},
{"learn":[0.2470949423],"iteration":555,"passed_time":1.356286587,"remaining_time":1.083077778},
{"learn":[0.2466718577],"iteration":556,"passed_time":1.358580412,"remaining_time":1.080522662},
{"learn":[0.2464069867],"iteration":557,"passed_time":1.361248561,"remaining_time":1.078264989},
{"learn":[0.2460223728],"iteration":558,"passed_time":1.363611795,"remaining_time":1.075765298},
{"learn":[0.2458082719],"iteration":559,"passed_time":1.366067972,"remaining_time":1.073339121},
{"learn":[0.2455807773],"iteration":560,"passed_time":1.368462427,"remaining_time":1.070864538},
{"learn":[0.2452783758],"iteration":561,"passed_time":1.370925217,"remaining_time":1.068443496},
{"learn":[0.2450898142],"iteration":562,"passed_time":1.372961014,"remaining_time":1.065690876},
{"learn":[0.2449547508],"iteration":563,"passed_time":1.375176363,"remaining_time":1.0630796},
{"learn":[0.2447271944],"iteration":564,"passed_time":1.37717821,"remaining_time":1.060305348},
{"learn":[0.2443314986],"iteration":565,"passed_time":1.379415123,"remaining_time":1.05771407},
{"learn":[0.2439510769],"iteration":566,"passed_time":1.381875918,"remaining_time":1.055295013},
{"learn":[0.2434789947],"iteration":567,"passed_time":1.384497957,"remaining_time":1.052998446},
{"learn":[0.2432956272],"iteration":568,"passed_time":1.387348347,"remaining_time":1.050873704},
{"learn":[0.2430928856],"iteration":569,"passed_time":1.389745161,"remaining_time":1.048404244},
{"learn":[0.2427483915],"iteration":570,"passed_time":1.392128185,"remaining_time":1.045924679},
{"learn":[0.2425882821],"iteration":571,"passed_time":1.394673656,"remaining_time":1.043567001},
{"learn":[0.2421731968],"iteration":572,"passed_time":1.397151196,"remaining_time":1.041158047},
{"learn":[0.2419255266],"iteration":573,"passed_time":1.399531766,"remaining_time":1.038676885},
{"learn":[0.2416426225],"iteration":574,"passed_time":1.402324587,"remaining_time":1.036500782},
{"learn":[0.2414896031],"iteration":575,"passed_time":1.404937969,"remaining_time":1.03419045},
{"learn":[0.2411868317],"iteration":576,"passed_time":1.407948059,"remaining_time":1.032169894},
{"learn":[0.2410219751],"iteration":577,"passed_time":1.410162626,"remaining_time":1.0295651},
{"learn":[0.2408722849],"iteration":578,"passed_time":1.412545931,"remaining_time":1.027084347},
{"learn":[0.2405636412],"iteration":579,"passed_time":1.415104759,"remaining_time":1.024731032},
{"learn":[0.2402251272],"iteration":580,"passed_time":1.41739417,"remaining_time":1.022182715},
{"learn":[0.2399698431],"iteration":581,"passed_time":1.419497277,"remaining_time":1.019501481},
{"learn":[0.2396705396],"iteration":582,"passed_time":1.421958874,"remaining_time":1.017078646},
{"learn":[0.239198781],"iteration":583,"passed_time":1.424455754,"remaining_time":1.014680811},
{"learn":[0.2389094497],"iteration":584,"passed_time":1.4271924,"remaining_time":1.012452728},
{"learn":[0.2383166381],"iteration":585,"passed_time":1.43042031,"remaining_time":1.01056998},
{"learn":[0.2381722498],"iteration":586,"passed_time":1.433624412,"remaining_time":1.008665898},
{"learn":[0.2380035709],"iteration":587,"passed_time":1.437044931,"remaining_time":1.006909033},
{"learn":[0.2375643027],"iteration":588,"passed_time":1.440191314,"remaining_time":1.00495523},
{"learn":[0.237172568],"iteration":589,"passed_time":1.443563422,"remaining_time":1.003154243},
{"learn":[0.2367723253],"iteration":590,"passed_time":1.446798027,"remaining_time":1.00125278},
{"learn":[0.2364644368],"iteration":591,"passed_time":1.449772173,"remaining_time":0.9991673087},
{"learn":[0.2361291442],"iteration":592,"passed_time":1.452637445,"remaining_time":0.9970041147},
{"learn":[0.2357872395],"iteration":593,"passed_time":1.455499349,"remaining_time":0.9948362555},
{"learn":[0.2354080663],"iteration":594,"passed_time":1.458554463,"remaining_time":0.9927975756},
{"learn":[0.2352334225],"iteration":595,"passed_time":1.461613907,"remaining_time":0.99075842},
{"learn":[0.234883688],"iteration":596,"passed_time":1.464187545,"remaining_time":0.9883879075},
{"learn":[0.2345031122],"iteration":597,"passed_time":1.467260276,"remaining_time":0.9863522254},
{"learn":[0.2342311821],"iteration":598,"passed_time":1.470525806,"remaining_time":0.9844421507},
{"learn":[0.2339891376],"iteration":599,"passed_time":1.473318737,"remaining_time":0.9822124914},
{"learn":[0.2336190888],"iteration":600,"passed_time":1.476194799,"remaining_time":0.9800361476},
{"learn":[0.2331964666],"iteration":601,"passed_time":1.479017602,"remaining_time":0.9778222687},
{"learn":[0.2327802716],"iteration":602,"passed_time":1.481933939,"remaining_time":0.9756679501},
{"learn":[0.2325056442],"iteration":603,"passed_time":1.485211841,"remaining_time":0.9737481604},
{"learn":[0.2322867962],"iteration":604,"passed_time":1.488328788,"remaining_time":0.9717187955},
{"learn":[0.2319499623],"iteration":605,"passed_time":1.491502717,"remaining_time":0.9697228889},
{"learn":[0.2316667345],"iteration":606,"passed_time":1.494637473,"remaining_time":0.9676977377},
{"learn":[0.2312357276],"iteration":607,"passed_time":1.497819379,"remaining_time":0.9656993361},
{"learn":[0.2308204266],"iteration":608,"passed_time":1.502378732,"remaining_time":0.964581419},
{"learn":[0.2305920842],"iteration":609,"passed_time":1.506220941,"remaining_time":0.9629937166},
{"learn":[0.2304524123],"iteration":610,"passed_time":1.509671212,"remaining_time":0.961149102},
{"learn":[0.2302380186],"iteration":611,"passed_time":1.512554902,"remaining_time":0.958940036},
{"learn":[0.2300245959],"iteration":612,"passed_time":1.532042255,"remaining_time":0.9672110158},
{"learn":[0.2296692511],"iteration":613,"passed_time":1.535101357,"remaining_time":0.9650637196},
{"learn":[0.2294367318],"iteration":614,"passed_time":1.53862559,"remaining_time":0.9632046378},
{"learn":[0.2291905875],"iteration":615,"passed_time":1.541850435,"remaining_time":0.9611535178},
{"learn":[0.2289105502],"iteration":616,"passed_time":1.544639506,"remaining_time":0.9588280887},
{"learn":[0.2286833638],"iteration":617,"passed_time":1.547713849,"remaining_time":0.9566774926},
{"learn":[0.2283881139],"iteration":618,"passed_time":1.551045992,"remaining_time":0.9546825893},
{"learn":[0.228104285],"iteration":619,"passed_time":1.554069203,"remaining_time":0.9524940278},
{"learn":[0.2279276222],"iteration":620,"passed_time":1.557150035,"remaining_time":0.9503379442},
{"learn":[0.2276308927],"iteration":621,"passed_time":1.560639216,"remaining_time":0.9484270477},
{"learn":[0.2274033363],"iteration":622,"passed_time":1.563746664,"remaining_time":0.9462800839},
{"learn":[0.2271290943],"iteration":623,"passed_time":1.566673151,"remaining_time":0.9440210012},
{"learn":[0.2268266158],"iteration":624,"passed_time":1.569706561,"remaining_time":0.9418239365},
{"learn":[0.2265485051],"iteration":625,"passed_time":1.572694596,"remaining_time":0.9395970908},
{"learn":[0.2261722757],"iteration":626,"passed_time":1.575227635,"remaining_time":0.9370971415},
{"learn":[0.2259625676],"iteration":627,"passed_time":1.578557302,"remaining_time":0.935068975},
{"learn":[0.2256206166],"iteration":628,"passed_time":1.58130475,"remaining_time":0.9326932626},
{"learn":[0.2252938473],"iteration":629,"passed_time":1.585009757,"remaining_time":0.9308787459},
{"learn":[0.2249752469],"iteration":630,"passed_time":1.587913642,"remaining_time":0.9285897525},
{"learn":[0.2248334172],"iteration":631,"passed_time":1.590589372,"remaining_time":0.9261659632},
{"learn":[0.224499635],"iteration":632,"passed_time":1.593091723,"remaining_time":0.9236408567},
{"learn":[0.2242856729],"iteration":633,"passed_time":1.5957737,"remaining_time":0.9212195174},
{"learn":[0.2239600904],"iteration":634,"passed_time":1.598101065,"remaining_time":0.9185935257},
{"learn":[0.2237077193],"iteration":635,"passed_time":1.601520198,"remaining_time":0.9165933211},
{"learn":[0.2233681419],"iteration":636,"passed_time":1.604752649,"remaining_time":0.9144822785},
{"learn":[0.2230506974],"iteration":637,"passed_time":1.607189311,"remaining_time":0.9119161923},
{"learn":[0.2227611657],"iteration":638,"passed_time":1.60978449,"remaining_time":0.9094400643},
{"learn":[0.2224313601],"iteration":639,"passed_time":1.6124241,"remaining_time":0.906988556},
{"learn":[0.222096422],"iteration":640,"passed_time":1.614963754,"remaining_time":0.90448048},
{"learn":[0.2218636869],"iteration":641,"passed_time":1.618685846,"remaining_time":0.9026316712},
{"learn":[0.2215709956],"iteration":642,"passed_time":1.622074329,"remaining_time":0.9005918124},
{"learn":[0.221096324],"iteration":643,"passed_time":1.625271788,"remaining_time":0.8984421684},
{"learn":[0.2206609244],"iteration":644,"passed_time":1.627856539,"remaining_time":0.8959520489},
{"learn":[0.2202749695],"iteration":645,"passed_time":1.630357869,"remaining_time":0.8934159219},
{"learn":[0.2200705172],"iteration":646,"passed_time":1.633114951,"remaining_time":0.8910194398},
{"learn":[0.2198607165],"iteration":647,"passed_time":1.635477499,"remaining_time":0.8884075304},
{"learn":[0.2196927928],"iteration":648,"passed_time":1.638519816,"remaining_time":0.8861640301},
{"learn":[0.2195253006],"iteration":649,"passed_time":1.640981934,"remaining_time":0.8836056566},
{"learn":[0.2192291568],"iteration":650,"passed_time":1.64327853,"remaining_time":0.8809588432},
{"learn":[0.2190465291],"iteration":651,"passed_time":1.645632235,"remaining_time":0.8783435856},
{"learn":[0.2187268498],"iteration":652,"passed_time":1.648196889,"remaining_time":0.8758412259},
{"learn":[0.2183979381],"iteration":653,"passed_time":1.650664966,"remaining_time":0.8732875813},
{"learn":[0.218194241],"iteration":654,"passed_time":1.653128295,"remaining_time":0.8707316976},
{"learn":[0.2179889563],"iteration":655,"passed_time":1.655844898,"remaining_time":0.8683089098},
{"learn":[0.217853076],"iteration":656,"passed_time":1.658035586,"remaining_time":0.8656106636},
{"learn":[0.2176128811],"iteration":657,"passed_time":1.660821804,"remaining_time":0.8632234908},
{"learn":[0.2173203594],"iteration":658,"passed_time":1.663382476,"remaining_time":0.860718398},
{"learn":[0.2170822298],"iteration":659,"passed_time":1.665921273,"remaining_time":0.8582018677},
{"learn":[0.2169402306],"iteration":660,"passed_time":1.668484092,"remaining_time":0.8556975903},
{"learn":[0.2166259611],"iteration":661,"passed_time":1.671158218,"remaining_time":0.8532499665},
{"learn":[0.2164442891],"iteration":662,"passed_time":1.674250319,"remaining_time":0.8510141137},
{"learn":[0.2160942155],"iteration":663,"passed_time":1.676820105,"remaining_time":0.8485113786},
{"learn":[0.2157431246],"iteration":664,"passed_time":1.679212149,"remaining_time":0.845918902},
{"learn":[0.2153814451],"iteration":665,"passed_time":1.681676221,"remaining_time":0.8433631499},
{"learn":[0.2150746663],"iteration":666,"passed_time":1.684257563,"remaining_time":0.8408662195},
{"learn":[0.2148528899],"iteration":667,"passed_time":1.686384689,"remaining_time":0.8381432884},
{"learn":[0.2145825781],"iteration":668,"passed_time":1.689076231,"remaining_time":0.8357013939},
{"learn":[0.2142593846],"iteration":669,"passed_time":1.691751882,"remaining_time":0.8332509268},
{"learn":[0.2140175251],"iteration":670,"passed_time":1.694151249,"remaining_time":0.8306643234},
{"learn":[0.2139523285],"iteration":671,"passed_time":1.696713517,"remaining_time":0.8281577883},
{"learn":[0.2136932681],"iteration":672,"passed_time":1.698948156,"remaining_time":0.8254918973},
{"learn":[0.2133839309],"iteration":673,"passed_time":1.700933669,"remaining_time":0.8227067894},
{"learn":[0.2130633113],"iteration":674,"passed_time":1.703085172,"remaining_time":0.8200039718},
{"learn":[0.2127477318],"iteration":675,"passed_time":1.705204923,"remaining_time":0.8172875666},
{"learn":[0.2122950544],"iteration":676,"passed_time":1.707228966,"remaining_time":0.8145272614},
{"learn":[0.2120076652],"iteration":677,"passed_time":1.709254231,"remaining_time":0.8117697087},
{"learn":[0.2118841923],"iteration":678,"passed_time":1.711589267,"remaining_time":0.809160758},
{"learn":[0.2115115696],"iteration":679,"passed_time":1.714640394,"remaining_time":0.8068895974},
{"learn":[0.2112377591],"iteration":680,"passed_time":1.716895655,"remaining_time":0.8042433392},
{"learn":[0.2110421537],"iteration":681,"passed_time":1.719224639,"remaining_time":0.8016326031},
{"learn":[0.2108375626],"iteration":682,"passed_time":1.721682308,"remaining_time":0.7990824184},
{"learn":[0.2106198243],"iteration":683,"passed_time":1.723878728,"remaining_time":0.7964118098},
{"learn":[0.2104592217],"iteration":684,"passed_time":1.726437653,"remaining_time":0.7939092856},
{"learn":[0.2102493903],"iteration":685,"passed_time":1.729014568,"remaining_time":0.7914148316},
{"learn":[0.2100336248],"iteration":686,"passed_time":1.73158312,"remaining_time":0.7889163267},
{"learn":[0.2098692615],"iteration":687,"passed_time":1.735711531,"remaining_time":0.7871249968},
{"learn":[0.2095136854],"iteration":688,"passed_time":1.738559758,"remaining_time":0.7847490343},
{"learn":[0.2091920487],"iteration":689,"passed_time":1.741523009,"remaining_time":0.7824233811},
{"learn":[0.2088418826],"iteration":690,"passed_time":1.744394975,"remaining_time":0.7800550611},
{"learn":[0.2085290466],"iteration":691,"passed_time":1.747738313,"remaining_time":0.7778950874},
{"learn":[0.208335522],"iteration":692,"passed_time":1.750518849,"remaining_time":0.7754823763},
{"learn":[0.2079570732],"iteration":693,"passed_time":1.753428232,"remaining_time":0.7731254164},
{"learn":[0.2078625149],"iteration":694,"passed_time":1.756311611,"remaining_time":0.7707554551},
{"learn":[0.2075402462],"iteration":695,"passed_time":1.759892009,"remaining_time":0.7686884638},
{"learn":[0.207322847],"iteration":696,"passed_time":1.762903794,"remaining_time":0.7663699422},
{"learn":[0.2071865506],"iteration":697,"passed_time":1.765651413,"remaining_time":0.7639351384},
{"learn":[0.2069457391],"iteration":698,"passed_time":1.768544861,"remaining_time":0.7615622364},
{"learn":[0.206754249],"iteration":699,"passed_time":1.771363887,"remaining_time":0.7591559516},
{"learn":[0.206575675],"iteration":700,"passed_time":1.774285104,"remaining_time":0.7567920772},
{"learn":[0.2063997211],"iteration":701,"passed_time":1.777374782,"remaining_time":0.754498127},
{"learn":[0.2061747541],"iteration":702,"passed_time":1.780226907,"remaining_time":0.7521015523},
{"learn":[0.2059806593],"iteration":703,"passed_time":1.782813061,"remaining_time":0.7495918553},
{"learn":[0.2057135071],"iteration":704,"passed_time":1.785423987,"remaining_time":0.7470923066},
{"learn":[0.2054434266],"iteration":705,"passed_time":1.788076663,"remaining_time":0.7446098285},
{"learn":[0.2051452791],"iteration":706,"passed_time":1.791043239,"remaining_time":0.7422569575},
{"learn":[0.2048851553],"iteration":707,"passed_time":1.793878587,"remaining_time":0.739848231},
{"learn":[0.2047129621],"iteration":708,"passed_time":1.796731452,"remaining_time":0.7374454902},
{"learn":[0.2044714417],"iteration":709,"passed_time":1.799635744,"remaining_time":0.7350624871},
{"learn":[0.2043325867],"iteration":710,"passed_time":1.802320713,"remaining_time":0.7325888693},
{"learn":[0.2040350249],"iteration":711,"passed_time":1.804989338,"remaining_time":0.7301080469},
{"learn":[0.2037787235],"iteration":712,"passed_time":1.807897309,"remaining_time":0.7277230401},
{"learn":[0.2034715441],"iteration":713,"passed_time":1.810428719,"remaining_time":0.7251857335},
{"learn":[0.2031893335],"iteration":714,"passed_time":1.813116965,"remaining_time":0.722710958},
{"learn":[0.2031003702],"iteration":715,"passed_time":1.815606019,"remaining_time":0.7201565772},
{"learn":[0.2029849274],"iteration":716,"passed_time":1.818159005,"remaining_time":0.7176276127},
{"learn":[0.2026850999],"iteration":717,"passed_time":1.82077447,"remaining_time":0.7151231205},
{"learn":[0.2025433165],"iteration":718,"passed_time":1.823147742,"remaining_time":0.7125236653},
{"learn":[0.202369767],"iteration":719,"passed_time":1.8257599,"remaining_time":0.7100177388},
{"learn":[0.2021108146],"iteration":720,"passed_time":1.828566907,"remaining_time":0.7075869168},
{"learn":[0.2018490416],"iteration":721,"passed_time":1.831473969,"remaining_time":0.705193578},
{"learn":[0.2016911054],"iteration":722,"passed_time":1.834238247,"remaining_time":0.7027441141},
{"learn":[0.2015587084],"iteration":723,"passed_time":1.836714291,"remaining_time":0.7001839011},
{"learn":[0.2013063373],"iteration":724,"passed_time":1.839192784,"remaining_time":0.6976248493},
{"learn":[0.2011172824],"iteration":725,"passed_time":1.841516968,"remaining_time":0.6950077812},
{"learn":[0.2008418536],"iteration":726,"passed_time":1.844267943,"remaining_time":0.692551786},
{"learn":[0.2006642968],"iteration":727,"passed_time":1.846701581,"remaining_time":0.689976415},
{"learn":[0.2003628355],"iteration":728,"passed_time":1.849496958,"remaining_time":0.6875359063},
{"learn":[0.2000949128],"iteration":729,"passed_time":1.852947128,"remaining_time":0.6853366091},
{"learn":[0.1997334182],"iteration":730,"passed_time":1.856001862,"remaining_time":0.6829883734},
{"learn":[0.1994904489],"iteration":731,"passed_time":1.858954854,"remaining_time":0.6806009575},
{"learn":[0.1992384477],"iteration":732,"passed_time":1.861967911,"remaining_time":0.6782338775},
{"learn":[0.1989651767],"iteration":733,"passed_time":1.864967249,"remaining_time":0.6758600659},
{"learn":[0.1987782488],"iteration":734,"passed_time":1.867853585,"remaining_time":0.6734438097},
{"learn":[0.1984741211],"iteration":735,"passed_time":1.870768772,"remaining_time":0.6710366247},
{"learn":[0.1983637184],"iteration":736,"passed_time":1.873471216,"remaining_time":0.6685521435},
{"learn":[0.1982129646],"iteration":737,"passed_time":1.875928823,"remaining_time":0.6659801512},
{"learn":[0.1980517301],"iteration":738,"passed_time":1.878512492,"remaining_time":0.6634529912},
{"learn":[0.1978887693],"iteration":739,"passed_time":1.881124991,"remaining_time":0.6609358077},
{"learn":[0.1977600098],"iteration":740,"passed_time":1.883729166,"remaining_time":0.6584154575},
{"learn":[0.1975190442],"iteration":741,"passed_time":1.886262652,"remaining_time":0.6558703021},
{"learn":[0.1973465428],"iteration":742,"passed_time":1.8888175,"remaining_time":0.6533325672},
{"learn":[0.1970472548],"iteration":743,"passed_time":1.890733099,"remaining_time":0.6505748296},
{"learn":[0.1968723182],"iteration":744,"passed_time":1.892622674,"remaining_time":0.6478104453},
{"learn":[0.1964863016],"iteration":745,"passed_time":1.894582323,"remaining_time":0.6450722656},
{"learn":[0.1963357174],"iteration":746,"passed_time":1.896382454,"remaining_time":0.6422821429},
{"learn":[0.1960693514],"iteration":747,"passed_time":1.898351813,"remaining_time":0.6395516801},
{"learn":[0.1957879885],"iteration":748,"passed_time":1.900287132,"remaining_time":0.6368118427},
{"learn":[0.1956421361],"iteration":749,"passed_time":1.902157758,"remaining_time":0.634052586},
{"learn":[0.1955039284],"iteration":750,"passed_time":1.904056151,"remaining_time":0.6313049023},
{"learn":[0.1953941268],"iteration":751,"passed_time":1.905958773,"remaining_time":0.628560872},
{"learn":[0.1951652142],"iteration":752,"passed_time":1.907845643,"remaining_time":0.6258139093},
{"learn":[0.1950217507],"iteration":753,"passed_time":1.909693091,"remaining_time":0.6230563664},
{"learn":[0.1948852847],"iteration":754,"passed_time":1.911642139,"remaining_time":0.6203342039},
{"learn":[0.1947080978],"iteration":755,"passed_time":1.913487432,"remaining_time":0.6175805998},
{"learn":[0.1944801716],"iteration":756,"passed_time":1.915451752,"remaining_time":0.6148676032},
{"learn":[0.1943404227],"iteration":757,"passed_time":1.91732826,"remaining_time":0.6121285472},
{"learn":[0.1941219137],"iteration":758,"passed_time":1.919285394,"remaining_time":0.609417365},
{"learn":[0.1938435102],"iteration":759,"passed_time":1.921287752,"remaining_time":0.6067224481},
{"learn":[0.1935826928],"iteration":760,"passed_time":1.923436212,"remaining_time":0.6040752362},
{"learn":[0.1933081733],"iteration":761,"passed_time":1.9256125,"remaining_time":0.6014380249},
{"learn":[0.1931148028],"iteration":762,"passed_time":1.927801314,"remaining_time":0.5988059128},
{"learn":[0.192846094],"iteration":763,"passed_time":1.92984177,"remaining_time":0.5961291332},
{"learn":[0.1926567617],"iteration":764,"passed_time":1.931682514,"remaining_time":0.5933926678},
{"learn":[0.1925286187],"iteration":765,"passed_time":1.933564303,"remaining_time":0.5906710796},
{"learn":[0.1922598482],"iteration":766,"passed_time":1.935478389,"remaining_time":0.5879614923},
{"learn":[0.1920836632],"iteration":767,"passed_time":1.937659176,"remaining_time":0.5853345427},
{"learn":[0.1918850677],"iteration":768,"passed_time":1.939553881,"remaining_time":0.5826228174},
{"learn":[0.1916193644],"iteration":769,"passed_time":1.941417733,"remaining_time":0.5799039982},
{"learn":[0.1911669644],"iteration":770,"passed_time":1.94343388,"remaining_time":0.577232631},
{"learn":[0.1909956036],"iteration":771,"passed_time":1.945282841,"remaining_time":0.5745135852},
{"learn":[0.1907895946],"iteration":772,"passed_time":1.947217309,"remaining_time":0.5718219005},
{"learn":[0.1906261714],"iteration":773,"passed_time":1.949103527,"remaining_time":0.5691180841},
{"learn":[0.190491185],"iteration":774,"passed_time":1.95104073,"remaining_time":0.5664311798},
{"learn":[0.1903686678],"iteration":775,"passed_time":1.952905524,"remaining_time":0.5637253059},
{"learn":[0.1901508986],"iteration":776,"passed_time":1.95476627,"remaining_time":0.5610204352},
{"learn":[0.1899820039],"iteration":777,"passed_time":1.956654622,"remaining_time":0.558325612},
{"learn":[0.1897373238],"iteration":778,"passed_time":1.958510167,"remaining_time":0.5556235518},
{"learn":[0.1895912247],"iteration":779,"passed_time":1.960444174,"remaining_time":0.5529457926},
{"learn":[0.1893554533],"iteration":780,"passed_time":1.962455811,"remaining_time":0.5502917063},
{"learn":[0.189027189],"iteration":781,"passed_time":1.964386501,"remaining_time":0.5476166972},
{"learn":[0.1886187467],"iteration":782,"passed_time":1.966664348,"remaining_time":0.5450398002},
{"learn":[0.1883201368],"iteration":783,"passed_time":1.968740218,"remaining_time":0.5424080193},
{"learn":[0.1880603212],"iteration":784,"passed_time":1.970975839,"remaining_time":0.539821408},
{"learn":[0.1879230538],"iteration":785,"passed_time":1.97285414,"remaining_time":0.5371384046},
{"learn":[0.1877264774],"iteration":786,"passed_time":1.974769128,"remaining_time":0.5344673751},
{"learn":[0.1876177239],"iteration":787,"passed_time":1.976619452,"remaining_time":0.5317808677},
{"learn":[0.187379995],"iteration":788,"passed_time":1.978635919,"remaining_time":0.5291409112},
{"learn":[0.1872273147],"iteration":789,"passed_time":1.980571659,"remaining_time":0.526481074},
{"learn":[0.1870200417],"iteration":790,"passed_time":1.982525337,"remaining_time":0.5238278071},
{"learn":[0.1868044458],"iteration":791,"passed_time":1.984615977,"remaining_time":0.5212122769},
{"learn":[0.1865982672],"iteration":792,"passed_time":1.986776843,"remaining_time":0.5186164017},
{"learn":[0.1862615566],"iteration":793,"passed_time":1.988902717,"remaining_time":0.5160125436},
{"learn":[0.1860079062],"iteration":794,"passed_time":1.991133827,"remaining_time":0.5134370247},
{"learn":[0.1858824605],"iteration":795,"passed_time":1.993206791,"remaining_time":0.510821841},
{"learn":[0.1858339252],"iteration":796,"passed_time":1.995381997,"remaining_time":0.5082340594},
{"learn":[0.1856079102],"iteration":797,"passed_time":1.997947519,"remaining_time":0.5057461137},
{"learn":[0.1854946252],"iteration":798,"passed_time":1.999875814,"remaining_time":0.5030976703},
{"learn":[0.1852902807],"iteration":799,"passed_time":2.001741279,"remaining_time":0.5004353197},
{"learn":[0.1850211866],"iteration":800,"passed_time":2.00359979,"remaining_time":0.4977732312},
{"learn":[0.184779959],"iteration":801,"passed_time":2.005448611,"remaining_time":0.4951107542},
{"learn":[0.1845745665],"iteration":802,"passed_time":2.007337564,"remaining_time":0.4924601496},
{"learn":[0.1843109439],"iteration":803,"passed_time":2.009216918,"remaining_time":0.4898090995},
{"learn":[0.1839897387],"iteration":804,"passed_time":2.011238656,"remaining_time":0.4871944571},
{"learn":[0.1837772562],"iteration":805,"passed_time":2.013239341,"remaining_time":0.4845762186},
{"learn":[0.1834831469],"iteration":806,"passed_time":2.015149118,"remaining_time":0.4819377692},
{"learn":[0.183395247],"iteration":807,"passed_time":2.016943266,"remaining_time":0.4792736473},
{"learn":[0.1832843819],"iteration":808,"passed_time":2.018845978,"remaining_time":0.4766373075},
{"learn":[0.183179497],"iteration":809,"passed_time":2.020691171,"remaining_time":0.473989287},
{"learn":[0.1830144401],"iteration":810,"passed_time":2.02260672,"remaining_time":0.4713596425},
{"learn":[0.1828398733],"iteration":811,"passed_time":2.024541979,"remaining_time":0.4687363203},
{"learn":[0.1827118382],"iteration":812,"passed_time":2.026548967,"remaining_time":0.4661311892},
{"learn":[0.1825955786],"iteration":813,"passed_time":2.028400133,"remaining_time":0.4634919222},
{"learn":[0.1823045673],"iteration":814,"passed_time":2.030323808,"remaining_time":0.4608710484},
{"learn":[0.1820628773],"iteration":815,"passed_time":2.032240038,"remaining_time":0.4582502047},
{"learn":[0.1818573615],"iteration":816,"passed_time":2.034091875,"remaining_time":0.4556166624},
{"learn":[0.1816515065],"iteration":817,"passed_time":2.036025151,"remaining_time":0.4530031508},
{"learn":[0.181415319],"iteration":818,"passed_time":2.037878932,"remaining_time":0.4503737321},
{"learn":[0.1811185124],"iteration":819,"passed_time":2.039850005,"remaining_time":0.4477719523},
{"learn":[0.1808962273],"iteration":820,"passed_time":2.04176364,"remaining_time":0.4451591858},
{"learn":[0.1807951031],"iteration":821,"passed_time":2.043685922,"remaining_time":0.4425499929},
{"learn":[0.1806578049],"iteration":822,"passed_time":2.045601381,"remaining_time":0.4399410017},
{"learn":[0.1805478183],"iteration":823,"passed_time":2.047402273,"remaining_time":0.4373092233},
{"learn":[0.1803399288],"iteration":824,"passed_time":2.049282619,"remaining_time":0.434696313},
{"learn":[0.1801046044],"iteration":825,"passed_time":2.051165901,"remaining_time":0.4320857951},
{"learn":[0.1799436165],"iteration":826,"passed_time":2.053059474,"remaining_time":0.4294791886},
{"learn":[0.1797851408],"iteration":827,"passed_time":2.055248719,"remaining_time":0.4269357243},
{"learn":[0.1795830004],"iteration":828,"passed_time":2.057154007,"remaining_time":0.4243345418},
{"learn":[0.1793727528],"iteration":829,"passed_time":2.059116702,"remaining_time":0.4217467944},
{"learn":[0.1792687773],"iteration":830,"passed_time":2.060913906,"remaining_time":0.4191268955},
{"learn":[0.1789847326],"iteration":831,"passed_time":2.062806898,"remaining_time":0.416528316},
{"learn":[0.1788105974],"iteration":832,"passed_time":2.064601978,"remaining_time":0.4139118011},
{"learn":[0.1786646525],"iteration":833,"passed_time":2.066406948,"remaining_time":0.4112992247},
{"learn":[0.1784550985],"iteration":834,"passed_time":2.068496687,"remaining_time":0.4087448543},
{"learn":[0.178331194],"iteration":835,"passed_time":2.070411574,"remaining_time":0.4061572944},
{"learn":[0.1782340926],"iteration":836,"passed_time":2.072302843,"remaining_time":0.4035667423},
{"learn":[0.1778907236],"iteration":837,"passed_time":2.074331395,"remaining_time":0.4010043985},
{"learn":[0.1777713506],"iteration":838,"passed_time":2.076200808,"remaining_time":0.3984127892},
{"learn":[0.1776805531],"iteration":839,"passed_time":2.078123161,"remaining_time":0.395832983},
{"learn":[0.1775662201],"iteration":840,"passed_time":2.080058861,"remaining_time":0.3932572639},
{"learn":[0.1773291386],"iteration":841,"passed_time":2.082187741,"remaining_time":0.3907193148},
{"learn":[0.1771191221],"iteration":842,"passed_time":2.084690523,"remaining_time":0.3882519717},
{"learn":[0.1769095681],"iteration":843,"passed_time":2.086886172,"remaining_time":0.3857277758},
{"learn":[0.1767607718],"iteration":844,"passed_time":2.089369353,"remaining_time":0.3832571002},
{"learn":[0.1763857447],"iteration":845,"passed_time":2.091967762,"remaining_time":0.3808073705},
{"learn":[0.176242497],"iteration":846,"passed_time":2.094539527,"remaining_time":0.3783524766},
{"learn":[0.1758730802],"iteration":847,"passed_time":2.096656684,"remaining_time":0.3758158207},
{"learn":[0.1756949685],"iteration":848,"passed_time":2.098720658,"remaining_time":0.3732706942},
{"learn":[0.1755794949],"iteration":849,"passed_time":2.100644985,"remaining_time":0.3707020562},
{"learn":[0.1754671347],"iteration":850,"passed_time":2.102555523,"remaining_time":0.3681325182},
{"learn":[0.1751886541],"iteration":851,"passed_time":2.104800936,"remaining_time":0.3656226978},
{"learn":[0.1750490747],"iteration":852,"passed_time":2.10685961,"remaining_time":0.3630813162},
{"learn":[0.1748019132],"iteration":853,"passed_time":2.108850735,"remaining_time":0.3605295168},
{"learn":[0.1746727529],"iteration":854,"passed_time":2.111107504,"remaining_time":0.3580240796},
{"learn":[0.1745726306],"iteration":855,"passed_time":2.113504454,"remaining_time":0.3555428053},
{"learn":[0.1743894018],"iteration":856,"passed_time":2.115678246,"remaining_time":0.3530244914},
{"learn":[0.1742555406],"iteration":857,"passed_time":2.117745936,"remaining_time":0.3504894207},
{"learn":[0.1740331014],"iteration":858,"passed_time":2.120136429,"remaining_time":0.3480084244},
{"learn":[0.1739225291],"iteration":859,"passed_time":2.12230614,"remaining_time":0.3454916973},
{"learn":[0.173612375],"iteration":860,"passed_time":2.124597806,"remaining_time":0.3429954647},
{"learn":[0.1734943737],"iteration":861,"passed_time":2.127013849,"remaining_time":0.3405196186},
{"learn":[0.1732746163],"iteration":862,"passed_time":2.129880313,"remaining_time":0.3381154147},
{"learn":[0.1731147535],"iteration":863,"passed_time":2.132639336,"remaining_time":0.3356932288},
{"learn":[0.1730256977],"iteration":864,"passed_time":2.135090841,"remaining_time":0.33322227},
{"learn":[0.1727958294],"iteration":865,"passed_time":2.137801376,"remaining_time":0.3307914369},
{"learn":[0.1726768725],"iteration":866,"passed_time":2.140458647,"remaining_time":0.3283517878},
{"learn":[0.1725591486],"iteration":867,"passed_time":2.143209079,"remaining_time":0.3259258046},
{"learn":[0.1722552367],"iteration":868,"passed_time":2.145853894,"remaining_time":0.3234831532},
{"learn":[0.1720490889],"iteration":869,"passed_time":2.14888076,"remaining_time":0.321097125},
{"learn":[0.1718583078],"iteration":870,"passed_time":2.151525956,"remaining_time":0.318653098},
{"learn":[0.1716733528],"iteration":871,"passed_time":2.153941969,"remaining_time":0.316174968},
{"learn":[0.1715270688],"iteration":872,"passed_time":2.156500868,"remaining_time":0.3137177665},
{"learn":[0.1713476624],"iteration":873,"passed_time":2.158994914,"remaining_time":0.311250983},
{"learn":[0.1711908822],"iteration":874,"passed_time":2.161561713,"remaining_time":0.3087945305},
{"learn":[0.1710609513],"iteration":875,"passed_time":2.16407629,"remaining_time":0.3063304338},
{"learn":[0.1709091957],"iteration":876,"passed_time":2.166894549,"remaining_time":0.3039088137},
{"learn":[0.1707666262],"iteration":877,"passed_time":2.169690556,"remaining_time":0.3014831979},
{"learn":[0.1705804536],"iteration":878,"passed_time":2.172769662,"remaining_time":0.29909571},
{"learn":[0.1703762787],"iteration":879,"passed_time":2.175380925,"remaining_time":0.2966428535},
{"learn":[0.1700960718],"iteration":880,"passed_time":2.177898007,"remaining_time":0.2941769159},
{"learn":[0.1699099916],"iteration":881,"passed_time":2.180340054,"remaining_time":0.2917008236},
{"learn":[0.1696982027],"iteration":882,"passed_time":2.183058893,"remaining_time":0.2892614841},
{"learn":[0.1695179332],"iteration":883,"passed_time":2.185628503,"remaining_time":0.2868019303},
{"learn":[0.1693492851],"iteration":884,"passed_time":2.188323947,"remaining_time":0.284358479},
{"learn":[0.1691494258],"iteration":885,"passed_time":2.190966114,"remaining_time":0.2819076038},
{"learn":[0.1689586601],"iteration":886,"passed_time":2.193776422,"remaining_time":0.2794777178},
{"learn":[0.1688435256],"iteration":887,"passed_time":2.19627654,"remaining_time":0.2770078519},
{"learn":[0.1687370377],"iteration":888,"passed_time":2.198816591,"remaining_time":0.2745429039},
{"learn":[0.168612116],"iteration":889,"passed_time":2.201471415,"remaining_time":0.2720919726},
{"learn":[0.168324326],"iteration":890,"passed_time":2.204066097,"remaining_time":0.2696332262},
{"learn":[0.1680453984],"iteration":891,"passed_time":2.206770496,"remaining_time":0.2671874591},
{"learn":[0.1679115372],"iteration":892,"passed_time":2.209393877,"remaining_time":0.2647314052},
{"learn":[0.1678122935],"iteration":893,"passed_time":2.211800601,"remaining_time":0.2622492883},
{"learn":[0.1677143752],"iteration":894,"passed_time":2.214372727,"remaining_time":0.2597867445},
{"learn":[0.1676098448],"iteration":895,"passed_time":2.216987039,"remaining_time":0.2573288528},
{"learn":[0.1674050225],"iteration":896,"passed_time":2.21932471,"remaining_time":0.2548388464},
{"learn":[0.1672373762],"iteration":897,"passed_time":2.221816854,"remaining_time":0.252366725},
{"learn":[0.167048198],"iteration":898,"passed_time":2.224272548,"remaining_time":0.2498904642},
{"learn":[0.1668679286],"iteration":899,"passed_time":2.227055885,"remaining_time":0.2474506539},
{"learn":[0.166689524],"iteration":900,"passed_time":2.229717565,"remaining_time":0.2449967136},
{"learn":[0.1664576367],"iteration":901,"passed_time":2.232426932,"remaining_time":0.2425474937},
{"learn":[0.166248545],"iteration":902,"passed_time":2.235123075,"remaining_time":0.2400962771},
{"learn":[0.1661604294],"iteration":903,"passed_time":2.237890865,"remaining_time":0.2376521272},
{"learn":[0.1659253053],"iteration":904,"passed_time":2.240602821,"remaining_time":0.2352014011},
{"learn":[0.1658225011],"iteration":905,"passed_time":2.243194858,"remaining_time":0.2327376563},
{"learn":[0.1657362196],"iteration":906,"passed_time":2.245804311,"remaining_time":0.2302754144},
{"learn":[0.1655147052],"iteration":907,"passed_time":2.248353336,"remaining_time":0.2278067257},
{"learn":[0.1651768386],"iteration":908,"passed_time":2.250947647,"remaining_time":0.2253423937},
{"learn":[0.1650767008],"iteration":909,"passed_time":2.253583484,"remaining_time":0.2228818831},
{"learn":[0.1648582998],"iteration":910,"passed_time":2.256125748,"remaining_time":0.2204118459},
{"learn":[0.1645971433],"iteration":911,"passed_time":2.258632438,"remaining_time":0.2179382177},
{"learn":[0.1644168122],"iteration":912,"passed_time":2.261208113,"remaining_time":0.2154710908},
{"learn":[0.1641490898],"iteration":913,"passed_time":2.263822628,"remaining_time":0.2130073807},
{"learn":[0.1639469185],"iteration":914,"passed_time":2.266511545,"remaining_time":0.2105502528},
{"learn":[0.1636907404],"iteration":915,"passed_time":2.268983754,"remaining_time":0.208072746},
{"learn":[0.1635926526],"iteration":916,"passed_time":2.271851009,"remaining_time":0.2056310074},
{"learn":[0.1634213534],"iteration":917,"passed_time":2.274780768,"remaining_time":0.2031939248},
{"learn":[0.1632824368],"iteration":918,"passed_time":2.277783067,"remaining_time":0.2007621637},
{"learn":[0.1631732363],"iteration":919,"passed_time":2.280129638,"remaining_time":0.1982721424},
{"learn":[0.16305841],"iteration":920,"passed_time":2.282200257,"remaining_time":0.1957587626},
{"learn":[0.1629533402],"iteration":921,"passed_time":2.284207145,"remaining_time":0.1932409515},
{"learn":[0.1627792513],"iteration":922,"passed_time":2.286611954,"remaining_time":0.1907574436},
{"learn":[0.1626250604],"iteration":923,"passed_time":2.288595952,"remaining_time":0.1882394939},
{"learn":[0.1625231656],"iteration":924,"passed_time":2.290460365,"remaining_time":0.1857130025},
{"learn":[0.1623284234],"iteration":925,"passed_time":2.292392467,"remaining_time":0.1831933505},
{"learn":[0.1620956729],"iteration":926,"passed_time":2.294301904,"remaining_time":0.1806731812},
{"learn":[0.1620017928],"iteration":927,"passed_time":2.296171758,"remaining_time":0.1781512571},
{"learn":[0.1618276731],"iteration":928,"passed_time":2.298032062,"remaining_time":0.1756300069},
{"learn":[0.161591131],"iteration":929,"passed_time":2.299970829,"remaining_time":0.1731160839},
{"learn":[0.1614339655],"iteration":930,"passed_time":2.30198899,"remaining_time":0.1706092807},
{"learn":[0.1612550061],"iteration":931,"passed_time":2.304025919,"remaining_time":0.1681048954},
{"learn":[0.1611910579],"iteration":932,"passed_time":2.305880953,"remaining_time":0.16558845},
{"learn":[0.1609757395],"iteration":933,"passed_time":2.307715645,"remaining_time":0.1630719835},
{"learn":[0.1609071366],"iteration":934,"passed_time":2.309559325,"remaining_time":0.1605576001},
{"learn":[0.1607582632],"iteration":935,"passed_time":2.311479263,"remaining_time":0.1580498641},
{"learn":[0.1605466284],"iteration":936,"passed_time":2.313464004,"remaining_time":0.1555477399},
{"learn":[0.160291822],"iteration":937,"passed_time":2.315317314,"remaining_time":0.1530380314},
{"learn":[0.1601557105],"iteration":938,"passed_time":2.31731852,"remaining_time":0.1505393288},
{"learn":[0.1599912085],"iteration":939,"passed_time":2.319230642,"remaining_time":0.1480359984},
{"learn":[0.1597630973],"iteration":940,"passed_time":2.321121149,"remaining_time":0.1455325694},
{"learn":[0.1596171678],"iteration":941,"passed_time":2.323097433,"remaining_time":0.143035723},
{"learn":[0.159407737],"iteration":942,"passed_time":2.32501718,"remaining_time":0.1405365634},
{"learn":[0.1592446684],"iteration":943,"passed_time":2.326791287,"remaining_time":0.1380299916},
{"learn":[0.1591417409],"iteration":944,"passed_time":2.328600546,"remaining_time":0.1355270159},
{"learn":[0.1589520079],"iteration":945,"passed_time":2.330600228,"remaining_time":0.1330363767},
{"learn":[0.158822077],"iteration":946,"passed_time":2.332410489,"remaining_time":0.1305361731},
{"learn":[0.1586422699],"iteration":947,"passed_time":2.334365971,"remaining_time":0.1280453908},
{"learn":[0.1584457706],"iteration":948,"passed_time":2.336335771,"remaining_time":0.1255565062},
{"learn":[0.1581947095],"iteration":949,"passed_time":2.3383046,"remaining_time":0.1230686632},
{"learn":[0.157994542],"iteration":950,"passed_time":2.340177561,"remaining_time":0.1205769721},
{"learn":[0.157807722],"iteration":951,"passed_time":2.342056684,"remaining_time":0.1180868917},
{"learn":[0.1576516816],"iteration":952,"passed_time":2.343930627,"remaining_time":0.1155978379},
{"learn":[0.1575237698],"iteration":953,"passed_time":2.345924027,"remaining_time":0.1131158336},
{"learn":[0.1573935769],"iteration":954,"passed_time":2.347810826,"remaining_time":0.1106298295},
{"learn":[0.1572209368],"iteration":955,"passed_time":2.349714001,"remaining_time":0.1081458327},
{"learn":[0.1570435649],"iteration":956,"passed_time":2.351638168,"remaining_time":0.1056639929},
{"learn":[0.15688549],"iteration":957,"passed_time":2.353610742,"remaining_time":0.1031854396},
{"learn":[0.1567802044],"iteration":958,"passed_time":2.355505107,"remaining_time":0.1007045979},
{"learn":[0.1566309303],"iteration":959,"passed_time":2.357442381,"remaining_time":0.09822676586},
{"learn":[0.1564505529],"iteration":960,"passed_time":2.359395868,"remaining_time":0.0957507168},
{"learn":[0.1562818739],"iteration":961,"passed_time":2.361301356,"remaining_time":0.09327385813},
{"learn":[0.1561919395],"iteration":962,"passed_time":2.363353136,"remaining_time":0.09080380689},
{"learn":[0.1559831716],"iteration":963,"passed_time":2.365534244,"remaining_time":0.08833945308},
{"learn":[0.1557878745],"iteration":964,"passed_time":2.36749222,"remaining_time":0.08586759347},
{"learn":[0.1555764246],"iteration":965,"passed_time":2.369366433,"remaining_time":0.08339384961},
{"learn":[0.1554771038],"iteration":966,"passed_time":2.371186545,"remaining_time":0.08091949946},
{"learn":[0.1552265514],"iteration":967,"passed_time":2.373059395,"remaining_time":0.07844824447},
{"learn":[0.1551431059],"iteration":968,"passed_time":2.374986488,"remaining_time":0.07597995987},
{"learn":[0.1549408884],"iteration":969,"passed_time":2.376926968,"remaining_time":0.07351320519},
{"learn":[0.1548424615],"iteration":970,"passed_time":2.378764295,"remaining_time":0.07104445371},
{"learn":[0.1546874538],"iteration":971,"passed_time":2.380692931,"remaining_time":0.06857963175},
{"learn":[0.1544843577],"iteration":972,"passed_time":2.382577385,"remaining_time":0.06611468592},
{"learn":[0.1543783169],"iteration":973,"passed_time":2.384448813,"remaining_time":0.06365058432},
{"learn":[0.1540844696],"iteration":974,"passed_time":2.386413262,"remaining_time":0.06119008365},
{"learn":[0.1538428721],"iteration":975,"passed_time":2.388218493,"remaining_time":0.05872668426},
{"learn":[0.1536954629],"iteration":976,"passed_time":2.390398098,"remaining_time":0.05627344549},
{"learn":[0.15346094],"iteration":977,"passed_time":2.392476393,"remaining_time":0.05381848736},
{"learn":[0.1534156876],"iteration":978,"passed_time":2.394324261,"remaining_time":0.05135935597},
{"learn":[0.1533511846],"iteration":979,"passed_time":2.396504417,"remaining_time":0.04890825341},
{"learn":[0.1532024191],"iteration":980,"passed_time":2.398907894,"remaining_time":0.04646202853},
{"learn":[0.1530602041],"iteration":981,"passed_time":2.401080674,"remaining_time":0.04401166206},
{"learn":[0.1528320621],"iteration":982,"passed_time":2.403178359,"remaining_time":0.04156056166},
{"learn":[0.152715263],"iteration":983,"passed_time":2.405308201,"remaining_time":0.03911070246},
{"learn":[0.1524831907],"iteration":984,"passed_time":2.407467934,"remaining_time":0.03666194824},
{"learn":[0.1522879706],"iteration":985,"passed_time":2.409810566,"remaining_time":0.0342163772},
{"learn":[0.1520333647],"iteration":986,"passed_time":2.411725854,"remaining_time":0.03176538612},
{"learn":[0.1518317945],"iteration":987,"passed_time":2.413588223,"remaining_time":0.02931483671},
{"learn":[0.1516549004],"iteration":988,"passed_time":2.415446974,"remaining_time":0.02686543652},
{"learn":[0.1515158297],"iteration":989,"passed_time":2.417314243,"remaining_time":0.02441731559},
{"learn":[0.1513784081],"iteration":990,"passed_time":2.419227266,"remaining_time":0.02197078244},
{"learn":[0.1512419267],"iteration":991,"passed_time":2.421162045,"remaining_time":0.01952550036},
{"learn":[0.1511160032],"iteration":992,"passed_time":2.423050327,"remaining_time":0.01708091872},
{"learn":[0.1508609502],"iteration":993,"passed_time":2.424922406,"remaining_time":0.01463735859},
{"learn":[0.1507789072],"iteration":994,"passed_time":2.426778963,"remaining_time":0.01219486916},
{"learn":[0.1506845956],"iteration":995,"passed_time":2.428701937,"remaining_time":0.00975382304},
{"learn":[0.1504711421],"iteration":996,"passed_time":2.430509142,"remaining_time":0.007313467829},
{"learn":[0.1502974539],"iteration":997,"passed_time":2.432402795,"remaining_time":0.0048745547},
{"learn":[0.1500797927],"iteration":998,"passed_time":2.434318845,"remaining_time":0.002436755601},
{"learn":[0.1499389648],"iteration":999,"passed_time":2.436243041,"remaining_time":0}
]}